album,entity_type,track_name,count,album_name,ep,album_release,track_number,artist,featuring,bonus_track,promotional_release,single_release,track_release,danceability,energy,key,loudness,mode,speechiness,acousticness,instrumentalness,liveness,valence,tempo,time_signature,duration_ms,explicit,key_name,mode_name,key_mode,compression_percentage,album_factor,album_order,offset
1989,CARDINAL,Out Of The Woods,2,1989,FALSE,2014-10-27,4,Taylor Swift,NA,FALSE,2014-10-14,2016-01-19,2014-10-14,0.553,0.841,7,-6.937,1,0.0396,7.43e-4,1.19e-5,0.341,0.338,92.008,4,235800,FALSE,G,major,G major,79.4196130753836,1989,11,0.11
1989,CARDINAL,Wildest Dreams,1,1989,FALSE,2014-10-27,9,Taylor Swift,NA,FALSE,NA,2015-08-31,2014-10-27,0.55,0.688,8,-7.416,1,0.0897,0.0692,0.00144,0.106,0.465,139.997,4,220440,FALSE,G#,major,G# major,68.59504132231406,1989,11,0.11
1989,CARDINAL,Wonderland,1,1989,FALSE,2014-10-27,14,Taylor Swift,NA,TRUE,2015-02-17,NA,2014-10-27,0.422,0.692,3,-5.447,1,0.0549,0.0493,2.57e-5,0.177,0.197,184.014,4,245560,FALSE,D#,major,D# major,70.86122266845159,1989,11,0.11
1989,CARDINAL,You Are In Love,4,1989,FALSE,2014-10-27,15,Taylor Swift,NA,TRUE,NA,NA,2014-10-27,0.474,0.48,2,-8.894,1,0.0622,0.707,1.08e-4,0.0903,0.319,170.109,4,267107,FALSE,D,major,D major,69.23828125,1989,11,0.11
Beautiful Eyes,CARDINAL,I'm Only Me When I'm With You,6,Taylor Swift,FALSE,2006-10-24,12,Taylor Swift,NA,TRUE,NA,NA,2008-03-18,0.563,0.934,8,-3.629,1,0.0646,0.00452,8.07e-4,0.103,0.518,143.964,4,213053,FALSE,G#,major,G# major,65.62282533054976,Beautiful Eyes,9,0.09
Fearless (Taylor's Version),CARDINAL,Fearless (Taylor's Version),1,Fearless (Taylor's Version),FALSE,2021-04-09,1,Taylor Swift,NA,FALSE,NA,NA,2021-04-09,0.569,0.741,5,-4.963,1,0.0282,0.0122,0,0.333,0.43,100.118,4,241592,FALSE,F,major,F major,64.52028332260141,Fearless (Taylor's Version),3,0.03
Fearless (Taylor's Version),CARDINAL,Fifteen (Taylor's Version),4,Fearless (Taylor's Version),FALSE,2021-04-09,2,Taylor Swift,NA,FALSE,NA,NA,2021-04-09,0.559,0.646,7,-4.61,1,0.0272,0.116,0,0.32,0.289,95.466,4,294419,FALSE,G,major,G major,59.13555992141454,Fearless (Taylor's Version),3,0.03
Fearless (Taylor's Version),CARDINAL,Hey Stephen (Taylor's Version),1,Fearless (Taylor's Version),FALSE,2021-04-09,4,Taylor Swift,NA,FALSE,NA,NA,2021-04-09,0.788,0.571,6,-6.135,1,0.0296,0.106,0,0.0934,0.797,115.99,4,254255,FALSE,F#,major,F# major,66.93266832917706,Fearless (Taylor's Version),3,0.03
Fearless (Taylor's Version),CARDINAL,The Best Day (Taylor's Version),2,Fearless (Taylor's Version),FALSE,2021-04-09,12,Taylor Swift,NA,FALSE,NA,NA,2021-04-09,0.642,0.576,1,-8.524,1,0.0282,0.488,0,0.159,0.469,125,4,245290,FALSE,C#,major,C# major,52.94117647058824,Fearless (Taylor's Version),3,0.03
Fearless (Taylor's Version),CARDINAL,The Other Side Of The Door (Taylor's Version),1,Fearless (Taylor's Version),FALSE,2021-04-09,19,Taylor Swift,NA,FALSE,NA,NA,2021-04-09,0.432,0.873,4,-4.367,1,0.0577,0.0279,0,0.167,0.629,163.936,4,238444,FALSE,E,major,E major,61.472326706072,Fearless (Taylor's Version),3,0.03
Fearless (Taylor's Version),CARDINAL,Today Was A Fairytale (Taylor's Version),1,Fearless (Taylor's Version),FALSE,2021-04-09,20,Taylor Swift,NA,FALSE,NA,NA,2021-04-09,0.482,0.779,7,-5.025,1,0.0409,0.0135,0,0.296,0.328,158.162,4,241822,FALSE,G,major,G major,72.29280096793708,Fearless (Taylor's Version),3,0.03
Fearless (Taylor's Version),CARDINAL,Untouchable (Taylor's Version),7,Fearless (Taylor's Version),FALSE,2021-04-09,15,Taylor Swift,NA,FALSE,NA,NA,2021-04-09,0.393,0.531,5,-6.112,1,0.0329,0.0181,0,0.169,0.224,200.391,4,312107,FALSE,F,major,F major,79.5938583457157,Fearless (Taylor's Version),3,0.03
Lover,CARDINAL,Death By A Thousand Cuts,6,Lover,FALSE,2019-08-23,10,Taylor Swift,NA,FALSE,NA,NA,2019-08-23,0.712,0.732,4,-6.754,1,0.0629,0.454,0,0.319,0.313,94.071,4,198533,FALSE,E,major,E major,67.52698263725951,Lover,8,0.08
Lover,CARDINAL,I Forgot That You Existed,1,Lover,FALSE,2019-08-23,1,Taylor Swift,NA,FALSE,NA,NA,2019-08-23,0.664,0.316,5,-10.345,1,0.519,0.298,2.03e-6,0.0812,0.541,92.875,4,170640,FALSE,F,major,F major,62.60928043039677,Lover,8,0.08
Lover,CARDINAL,It's Nice To Have A Friend,1,Lover,FALSE,2019-08-23,17,Taylor Swift,NA,FALSE,NA,NA,2019-08-23,0.737,0.175,10,-9.912,1,0.0401,0.971,3.37e-4,0.171,0.545,70.008,4,150440,FALSE,A#,major,A# major,51.908396946564885,Lover,8,0.08
Lover,CARDINAL,ME!,8,Lover,FALSE,2019-08-23,16,Taylor Swift,"Brendon Urie, Panic! At The Disco",FALSE,NA,2019-04-26,2019-04-26,0.61,0.83,0,-4.105,1,0.0571,0.033,0,0.118,0.728,182.162,4,193000,FALSE,C,major,C major,72.09991532599493,Lover,8,0.08
Lover,CARDINAL,Paper Rings,16,Lover,FALSE,2019-08-23,8,Taylor Swift,NA,FALSE,NA,NA,2019-08-23,0.811,0.719,9,-6.553,1,0.0497,0.0129,1.36e-5,0.0742,0.865,103.979,4,222400,FALSE,A,major,A major,71.19901112484548,Lover,8,0.08
Lover,CARDINAL,The Archer,1,Lover,FALSE,2019-08-23,5,Taylor Swift,NA,FALSE,2019-07-23,NA,2019-07-23,0.292,0.574,0,-9.375,1,0.0401,0.12,0.00569,0.0663,0.166,124.344,4,211240,FALSE,C,major,C major,63.324175824175825,Lover,8,0.08
Midnights,CARDINAL,Bejeweled,1,Midnights,FALSE,2022-10-21,9,Taylor Swift,NA,FALSE,2022-10-25,NA,2022-10-21,0.7,0.55,7,-9.13,1,0.0653,0.0661,1.02e-4,0.091,0.412,164.003,4,194166,FALSE,G,major,G major,68.44359828653023,Midnights,7,0.07
Midnights,CARDINAL,Lavender Haze,1,Midnights,FALSE,2022-10-21,1,Taylor Swift,NA,FALSE,NA,2022-11-29,2022-10-21,0.735,0.444,10,-10.519,1,0.0684,0.204,0.0012,0.17,0.0984,97.038,4,202396,TRUE,A#,major,A# major,67.78615490061685,Midnights,7,0.07
Midnights,CARDINAL,Question...?,3,Midnights,FALSE,2022-10-21,7,Taylor Swift,NA,FALSE,NA,NA,2022-10-21,0.751,0.502,7,-8.777,1,0.162,0.226,0,0.297,0.112,108.989,4,210557,TRUE,G,major,G major,66.421681212678,Midnights,7,0.07
Red (Taylor's Version),CARDINAL,22 (Taylor's Version),20,Red (Taylor's Version),FALSE,2021-11-12,6,Taylor Swift,NA,FALSE,NA,NA,2021-11-12,0.642,0.695,7,-5.62,1,0.0281,4.43e-4,1.02e-5,0.0753,0.642,103.984,4,230960,FALSE,G,major,G major,71.67863554757629,Red (Taylor's Version),6,0.06
Red (Taylor's Version),CARDINAL,All Too Well (10 Minute Version) [Taylor's Version] [From The Vault],2,Red (Taylor's Version),FALSE,2021-11-12,30,Taylor Swift,NA,FALSE,2021-11-15,NA,2021-11-12,0.631,0.518,0,-8.771,1,0.0303,0.274,0,0.088,0.205,93.023,4,613027,TRUE,C,major,C major,61.06902356902357,Red (Taylor's Version),6,0.06
Red (Taylor's Version),CARDINAL,All Too Well (Taylor's Version),1,Red (Taylor's Version),FALSE,2021-11-12,5,Taylor Swift,NA,FALSE,NA,NA,2021-11-12,0.44,0.528,0,-7.809,1,0.0317,0.0171,0.00203,0.234,0.132,185.972,4,329160,FALSE,C,major,C major,55.68181818181818,Red (Taylor's Version),6,0.06
Red (Taylor's Version),CARDINAL,Begin Again (Taylor's Version),1,Red (Taylor's Version),FALSE,2021-11-12,16,Taylor Swift,NA,FALSE,NA,NA,2021-11-12,0.519,0.527,7,-7.673,1,0.0274,0.075,0,0.132,0.267,78.915,4,238867,FALSE,G,major,G major,64.70951792336218,Red (Taylor's Version),6,0.06
Red (Taylor's Version),CARDINAL,Come Back...Be Here (Taylor's Version),1,Red (Taylor's Version),FALSE,2021-11-12,18,Taylor Swift,NA,FALSE,NA,NA,2021-11-12,0.46,0.632,4,-6.031,1,0.0302,0.0158,0,0.0822,0.399,79.846,4,223333,FALSE,E,major,E major,63.48897535667963,Red (Taylor's Version),6,0.06
Red (Taylor's Version),CARDINAL,Forever Winter (Taylor's Version) [From The Vault],1,Red (Taylor's Version),FALSE,2021-11-12,27,Taylor Swift,NA,FALSE,NA,NA,2021-11-12,0.611,0.552,7,-5.828,1,0.031,0.256,0,0.134,0.41,116.012,4,263533,FALSE,G,major,G major,62.7039627039627,Red (Taylor's Version),6,0.06
Red (Taylor's Version),CARDINAL,Ronan (Taylor's Version),1,Red (Taylor's Version),FALSE,2021-11-12,21,Taylor Swift,NA,FALSE,NA,NA,2021-11-12,0.623,0.279,0,-10.802,1,0.031,0.661,0,0.193,0.38,116.04,4,264253,FALSE,C,major,C major,57.52098127824403,Red (Taylor's Version),6,0.06
Red (Taylor's Version),CARDINAL,Run (Taylor's Version) [From The Vault],5,Red (Taylor's Version),FALSE,2021-11-12,28,Taylor Swift,Ed Sheeran,FALSE,NA,NA,2021-11-12,0.61,0.488,3,-6.918,1,0.0293,0.817,0,0.312,0.443,125.039,4,240227,FALSE,D#,major,D# major,65.72875633089477,Red (Taylor's Version),6,0.06
Red (Taylor's Version),CARDINAL,State Of Grace (Acoustic Version) [Taylor's Version],1,Red (Taylor's Version),FALSE,2021-11-12,20,Taylor Swift,NA,FALSE,NA,NA,2021-11-12,0.445,0.131,7,-13.778,1,0.0564,0.663,1.57e-6,0.108,0.101,208.918,3,321640,FALSE,G,major,G major,57.38893925657298,Red (Taylor's Version),6,0.06
Red (Taylor's Version),CARDINAL,State Of Grace (Taylor's Version),1,Red (Taylor's Version),FALSE,2021-11-12,1,Taylor Swift,NA,FALSE,NA,NA,2021-11-12,0.594,0.713,9,-5.314,1,0.0503,3.28e-4,0,0.114,0.328,129.958,4,295413,FALSE,A,major,A major,63.243626062322946,Red (Taylor's Version),6,0.06
Red (Taylor's Version),CARDINAL,The Moment I Knew (Taylor's Version),4,Red (Taylor's Version),FALSE,2021-11-12,17,Taylor Swift,NA,FALSE,NA,NA,2021-11-12,0.636,0.402,7,-7.855,1,0.031,0.0494,0,0.107,0.208,125.952,4,285280,FALSE,G,major,G major,61.10797060486151,Red (Taylor's Version),6,0.06
Red (Taylor's Version),CARDINAL,Treacherous (Taylor's Version),2,Red (Taylor's Version),FALSE,2021-11-12,3,Taylor Swift,NA,FALSE,NA,NA,2021-11-12,0.645,0.593,2,-6.506,1,0.0288,0.0344,1.27e-4,0.13,0.299,109.984,4,242720,FALSE,D,major,D major,65.69343065693431,Red (Taylor's Version),6,0.06
Speak Now,CARDINAL,If This Was A Movie,1,Speak Now,FALSE,2010-10-25,16,Taylor Swift,NA,TRUE,2010-11-08,NA,2010-10-25,0.511,0.719,4,-3.457,1,0.0265,0.166,4.54e-6,0.34,0.289,147.852,4,234547,FALSE,E,major,E major,66.89944134078212,Speak Now,5,0.05
Speak Now,CARDINAL,Mean,1,Speak Now,FALSE,2010-10-25,6,Taylor Swift,NA,FALSE,2010-10-18,2011-03-13,2010-10-18,0.568,0.761,4,-3.987,1,0.0459,0.452,0,0.217,0.789,163.974,4,237733,FALSE,E,major,E major,66.5989847715736,Speak Now,5,0.05
Speak Now,CARDINAL,Superman,1,Speak Now,FALSE,2010-10-25,17,Taylor Swift,NA,TRUE,2010-11-08,NA,2010-10-25,0.582,0.765,7,-3.648,1,0.0324,0.0268,1.95e-6,0.103,0.559,131.982,4,275960,FALSE,G,major,G major,64.19284940411701,Speak Now,5,0.05
Taylor Swift,CARDINAL,I'm Only Me When I'm With You,6,Taylor Swift,FALSE,2006-10-24,12,Taylor Swift,NA,TRUE,NA,NA,2008-03-18,0.563,0.934,8,-3.629,1,0.0646,0.00452,8.07e-4,0.103,0.518,143.964,4,213053,FALSE,G#,major,G# major,65.62282533054976,Taylor Swift,4,0.04
Taylor Swift,CARDINAL,Mary's Song (Oh My My My),4,Taylor Swift,FALSE,2006-10-24,10,Taylor Swift,NA,FALSE,NA,NA,2006-10-24,0.403,0.627,2,-5.28,1,0.0292,0.0177,0,0.182,0.374,74.9,4,213080,FALSE,D,major,D major,55.12412476129853,Taylor Swift,4,0.04
Taylor Swift,CARDINAL,Our Song,1,Taylor Swift,FALSE,2006-10-24,11,Taylor Swift,NA,FALSE,NA,2007-09-09,2006-10-24,0.668,0.672,2,-4.931,1,0.0303,0.111,0,0.329,0.539,89.011,4,201107,FALSE,D,major,D major,64.59593183067621,Taylor Swift,4,0.04
Taylor Swift,CARDINAL,Should've Said No,2,Taylor Swift,FALSE,2006-10-24,9,Taylor Swift,NA,FALSE,NA,2008-05-18,2006-10-24,0.476,0.777,4,-3.771,0,0.0289,0.0103,0,0.196,0.472,167.964,4,242200,FALSE,E,minor,E minor,72.0891364902507,Taylor Swift,4,0.04
evermore,CARDINAL,champagne problems,2,evermore,FALSE,2020-12-11,2,Taylor Swift,NA,FALSE,NA,NA,2020-12-11,0.462,0.24,0,-12.077,1,0.0377,0.92,0,0.113,0.32,171.319,4,244000,TRUE,C,major,C major,52.377972465581976,evermore,2,0.02
evermore,CARDINAL,coney island,2,evermore,FALSE,2020-12-11,9,Taylor Swift,The National,FALSE,NA,2021-01-18,2020-12-11,0.537,0.537,8,-11.266,1,0.0617,0.819,9.04e-4,0.142,0.292,107.895,4,275320,FALSE,G#,major,G# major,61.23370110330993,evermore,2,0.02
evermore,CARDINAL,cowboy like me,1,evermore,FALSE,2020-12-11,11,Taylor Swift,NA,FALSE,NA,NA,2020-12-11,0.604,0.517,0,-9.014,1,0.0347,0.768,1.55e-4,0.123,0.511,127.967,4,275040,TRUE,C,major,C major,62.858851674641144,evermore,2,0.02
evermore,CARDINAL,it's time to go,5,evermore,FALSE,2020-12-11,17,Taylor Swift,NA,TRUE,NA,NA,2020-12-11,0.592,0.41,0,-12.426,1,0.0397,0.801,1.39e-5,0.09,0.416,151.923,4,254640,FALSE,C,major,C major,67.45817593092282,evermore,2,0.02
evermore,CARDINAL,willow,1,evermore,FALSE,2020-12-11,1,Taylor Swift,NA,FALSE,NA,2020-12-11,2020-12-11,0.392,0.574,7,-9.195,1,0.17,0.833,0.00179,0.145,0.529,81.112,4,214707,FALSE,G,major,G major,72.04246713852376,evermore,2,0.02
folklore,CARDINAL,betty,1,folklore,FALSE,2020-07-24,14,Taylor Swift,NA,FALSE,NA,2020-08-17,2020-07-24,0.595,0.376,0,-8.767,1,0.0256,0.589,0,0.0989,0.476,95.946,4,294520,TRUE,C,major,C major,61.59153633854646,folklore,1,0.01
folklore,CARDINAL,cardigan,3,folklore,FALSE,2020-07-24,2,Taylor Swift,NA,FALSE,NA,2020-07-27,2020-07-24,0.612,0.58,0,-8.572,0,0.0419,0.525,4.14e-4,0.26,0.534,130.045,4,239560,FALSE,C,minor,C minor,60.08303677342823,folklore,1,0.01
folklore,CARDINAL,epiphany,2,folklore,FALSE,2020-07-24,13,Taylor Swift,NA,FALSE,NA,NA,2020-07-24,0.317,0.254,1,-13.679,1,0.0286,0.727,3.26e-4,0.0867,0.103,93.933,4,289747,FALSE,C#,major,C# major,63.14199395770392,folklore,1,0.01
folklore,CARDINAL,illicit affairs,6,folklore,FALSE,2020-07-24,10,Taylor Swift,NA,FALSE,NA,NA,2020-07-24,0.529,0.304,10,-10.567,1,0.0356,0.862,0,0.108,0.44,119.58,4,190893,FALSE,A#,major,A# major,53.50118017309205,folklore,1,0.01
folklore,CARDINAL,invisible string,1,folklore,FALSE,2020-07-24,11,Taylor Swift,NA,FALSE,NA,NA,2020-07-24,0.651,0.459,4,-11.128,0,0.0507,0.859,6.63e-5,0.105,0.454,83.455,4,252880,FALSE,E,minor,E minor,55.670103092783506,folklore,1,0.01
folklore,CARDINAL,mad woman,1,folklore,FALSE,2020-07-24,12,Taylor Swift,NA,FALSE,NA,NA,2020-07-24,0.593,0.7,3,-9.016,1,0.0492,0.67,6.77e-6,0.116,0.451,141.898,4,237267,TRUE,D#,major,D# major,61.88340807174888,folklore,1,0.01
folklore,CARDINAL,mirrorball,1,folklore,FALSE,2020-07-24,6,Taylor Swift,NA,FALSE,NA,NA,2020-07-24,0.549,0.417,7,-10.064,1,0.035,0.686,1.9e-6,0.0604,0.347,110.137,4,208973,FALSE,G,major,G major,63.23639075316928,folklore,1,0.01
folklore,CARDINAL,peace,1,folklore,FALSE,2020-07-24,15,Taylor Swift,NA,FALSE,NA,NA,2020-07-24,0.644,0.284,5,-12.879,1,0.0821,0.916,1.5e-5,0.0909,0.328,150.072,4,234000,TRUE,F,major,F major,60.278745644599304,folklore,1,0.01
folklore,CARDINAL,seven,1,folklore,FALSE,2020-07-24,7,Taylor Swift,NA,FALSE,NA,NA,2020-07-24,0.602,0.494,4,-10.813,1,0.0277,0.888,2.59e-5,0.0902,0.374,94.955,4,208907,FALSE,E,major,E major,51.615969581749056,folklore,1,0.01
folklore,CARDINAL,the 1,1,folklore,FALSE,2020-07-24,1,Taylor Swift,NA,FALSE,2020-10-09,NA,2020-07-24,0.78,0.361,0,-6.942,1,0.048,0.75,7.14e-6,0.108,0.163,139.902,4,210240,TRUE,C,major,C major,61.7407639323732,folklore,1,0.01
folklore,CARDINAL,this is me trying,1,folklore,FALSE,2020-07-24,9,Taylor Swift,NA,FALSE,NA,NA,2020-07-24,0.511,0.478,9,-9.837,1,0.0322,0.312,2.3e-5,0.147,0.408,135.882,4,195107,FALSE,A,major,A major,58.80893300248139,folklore,1,0.01
reputation,CARDINAL,Call It What You Want,4,reputation,FALSE,2017-11-10,14,Taylor Swift,NA,FALSE,2017-11-03,NA,2017-11-03,0.598,0.504,9,-9.874,1,0.0731,0.186,2.21e-4,0.34,0.252,163.954,4,203507,FALSE,A,major,A major,70.7485760781123,reputation,10,0.1
reputation,CARDINAL,Dress,1,reputation,FALSE,2017-11-10,12,Taylor Swift,NA,FALSE,NA,NA,2017-11-10,0.719,0.469,0,-8.792,1,0.0533,0.0329,0,0.169,0.0851,120.085,4,230373,FALSE,C,major,C major,73.51395066720582,reputation,10,0.1
reputation,CARDINAL,End Game,2,reputation,FALSE,2017-11-10,2,Taylor Swift,"Ed Sheeran, Future",FALSE,NA,2017-11-14,2017-11-10,0.649,0.589,2,-6.237,1,0.0558,0.00845,0,0.108,0.151,159.073,4,244827,FALSE,D,major,D major,66.39463713203148,reputation,10,0.1
reputation,CARDINAL,Getaway Car,1,reputation,FALSE,2017-11-10,9,Taylor Swift,NA,FALSE,NA,2018-09-27,2017-11-10,0.562,0.689,2,-6.745,1,0.127,0.00465,2.23e-6,0.0888,0.351,172.054,4,233627,FALSE,D,major,D major,70.02555677254473,reputation,10,0.1
reputation,CARDINAL,I Did Something Bad,3,reputation,FALSE,2017-11-10,3,Taylor Swift,NA,FALSE,NA,NA,2017-11-10,0.696,0.602,0,-6.156,0,0.159,0.0679,2.11e-5,0.0696,0.305,82.989,4,238253,FALSE,C,minor,C minor,72.20606564187786,reputation,10,0.1
reputation,CARDINAL,Look What You Made Me Do,1,reputation,FALSE,2017-11-10,6,Taylor Swift,NA,FALSE,NA,2017-08-24,2017-08-24,0.766,0.709,9,-6.471,0,0.123,0.204,1.41e-5,0.126,0.506,128.07,4,211853,FALSE,A,minor,A minor,77.85602503912364,reputation,10,0.1
reputation,CARDINAL,New Year's Day,1,reputation,FALSE,2017-11-10,15,Taylor Swift,NA,FALSE,NA,2017-11-27,2017-11-10,0.661,0.151,0,-12.864,1,0.0354,0.921,0,0.13,0.23,94.922,4,235467,FALSE,C,major,C major,74.53183520599251,reputation,10,0.1
reputation,CARDINAL,So It Goes...,3,reputation,FALSE,2017-11-10,7,Taylor Swift,NA,FALSE,NA,NA,2017-11-10,0.574,0.61,2,-7.283,1,0.0732,0.122,1.1e-6,0.13,0.374,74.957,4,227907,FALSE,D,major,D major,69.27138331573389,reputation,10,0.1
1989,DATE,Blank Space,1,1989,FALSE,2014-10-27,2,Taylor Swift,NA,FALSE,NA,2014-11-10,2014-10-27,0.76,0.703,5,-5.412,1,0.054,0.103,0,0.0913,0.57,95.997,4,231827,FALSE,F,major,F major,67.60731319554849,1989,11,0.11
1989,DATE,Clean,4,1989,FALSE,2014-10-27,13,Taylor Swift,NA,FALSE,NA,NA,2014-10-27,0.815,0.377,4,-7.754,1,0.0346,0.232,0,0.1,0.211,103.97,4,271000,FALSE,E,major,E major,67.79266161910309,1989,11,0.11
1989,DATE,How You Get The Girl,1,1989,FALSE,2014-10-27,10,Taylor Swift,NA,FALSE,NA,NA,2014-10-27,0.765,0.656,5,-6.112,1,0.0504,0.00364,0.00868,0.0918,0.545,119.997,4,247533,FALSE,F,major,F major,74.34077079107504,1989,11,0.11
1989,DATE,Out Of The Woods,2,1989,FALSE,2014-10-27,4,Taylor Swift,NA,FALSE,2014-10-14,2016-01-19,2014-10-14,0.553,0.841,7,-6.937,1,0.0396,7.43e-4,1.19e-5,0.341,0.338,92.008,4,235800,FALSE,G,major,G major,79.4196130753836,1989,11,0.11
1989,DATE,You Are In Love,1,1989,FALSE,2014-10-27,15,Taylor Swift,NA,TRUE,NA,NA,2014-10-27,0.474,0.48,2,-8.894,1,0.0622,0.707,1.08e-4,0.0903,0.319,170.109,4,267107,FALSE,D,major,D major,69.23828125,1989,11,0.11
Fearless (Taylor's Version),DATE,Change (Taylor's Version),1,Fearless (Taylor's Version),FALSE,2021-04-09,13,Taylor Swift,NA,FALSE,NA,NA,2021-04-09,0.499,0.815,5,-4.063,1,0.0341,1.91e-4,0,0.181,0.344,95.999,4,279360,FALSE,F,major,F major,58.35654596100278,Fearless (Taylor's Version),3,0.03
Fearless (Taylor's Version),DATE,Fifteen (Taylor's Version),8,Fearless (Taylor's Version),FALSE,2021-04-09,2,Taylor Swift,NA,FALSE,NA,NA,2021-04-09,0.559,0.646,7,-4.61,1,0.0272,0.116,0,0.32,0.289,95.466,4,294419,FALSE,G,major,G major,59.13555992141454,Fearless (Taylor's Version),3,0.03
Fearless (Taylor's Version),DATE,Forever & Always (Piano Version) [Taylor's Version],1,Fearless (Taylor's Version),FALSE,2021-04-09,16,Taylor Swift,NA,FALSE,NA,NA,2021-04-09,0.546,0.273,9,-9.208,1,0.0308,0.819,0,0.137,0.271,118.753,4,267833,FALSE,A,major,A major,69.51846657316503,Fearless (Taylor's Version),3,0.03
Fearless (Taylor's Version),DATE,Forever & Always (Taylor's Version),1,Fearless (Taylor's Version),FALSE,2021-04-09,11,Taylor Swift,NA,FALSE,NA,NA,2021-04-09,0.598,0.821,10,-4.433,1,0.0447,0.0231,0,0.143,0.673,128.03,4,225328,FALSE,A#,major,A# major,69.917914051183,Fearless (Taylor's Version),3,0.03
Fearless (Taylor's Version),DATE,The Best Day (Taylor's Version),2,Fearless (Taylor's Version),FALSE,2021-04-09,12,Taylor Swift,NA,FALSE,NA,NA,2021-04-09,0.642,0.576,1,-8.524,1,0.0282,0.488,0,0.159,0.469,125,4,245290,FALSE,C#,major,C# major,52.94117647058824,Fearless (Taylor's Version),3,0.03
Fearless (Taylor's Version),DATE,Today Was A Fairytale (Taylor's Version),16,Fearless (Taylor's Version),FALSE,2021-04-09,20,Taylor Swift,NA,FALSE,NA,NA,2021-04-09,0.482,0.779,7,-5.025,1,0.0409,0.0135,0,0.296,0.328,158.162,4,241822,FALSE,G,major,G major,72.29280096793708,Fearless (Taylor's Version),3,0.03
Fearless (Taylor's Version),DATE,You All Over Me (Taylor's Version) [From The Vault],1,Fearless (Taylor's Version),FALSE,2021-04-09,21,Taylor Swift,Maren Morris,FALSE,2021-03-26,NA,2021-03-26,0.599,0.494,2,-7.61,1,0.0372,0.816,0,0.101,0.44,142.893,4,220839,FALSE,D,major,D major,58.27389443651926,Fearless (Taylor's Version),3,0.03
Fearless (Taylor's Version),DATE,You Belong With Me (Taylor's Version),1,Fearless (Taylor's Version),FALSE,2021-04-09,6,Taylor Swift,NA,FALSE,NA,NA,2021-04-09,0.632,0.773,6,-4.856,1,0.0346,0.0623,0,0.0885,0.474,130.033,4,231124,FALSE,F#,major,F# major,63.43656343656343,Fearless (Taylor's Version),3,0.03
Lover,DATE,Cornelia Street,1,Lover,FALSE,2019-08-23,9,Taylor Swift,NA,FALSE,NA,NA,2019-08-23,0.824,0.624,0,-9.728,1,0.0827,0.781,1.89e-4,0.1,0.248,102.012,4,287267,FALSE,C,major,C major,67.3202614379085,Lover,8,0.08
Lover,DATE,Daylight,3,Lover,FALSE,2019-08-23,18,Taylor Swift,NA,FALSE,NA,NA,2019-08-23,0.557,0.496,0,-9.602,1,0.0563,0.808,1.73e-4,0.0772,0.265,149.983,4,293453,FALSE,C,major,C major,68.29855537720707,Lover,8,0.08
Lover,DATE,I Think He Knows,1,Lover,FALSE,2019-08-23,6,Taylor Swift,NA,FALSE,NA,NA,2019-08-23,0.897,0.366,0,-8.029,1,0.0569,0.00889,3.53e-4,0.0715,0.416,100.003,4,173387,FALSE,C,major,C major,69.72049689440993,Lover,8,0.08
Lover,DATE,It's Nice To Have A Friend,1,Lover,FALSE,2019-08-23,17,Taylor Swift,NA,FALSE,NA,NA,2019-08-23,0.737,0.175,10,-9.912,1,0.0401,0.971,3.37e-4,0.171,0.545,70.008,4,150440,FALSE,A#,major,A# major,51.908396946564885,Lover,8,0.08
Lover,DATE,Lover,4,Lover,FALSE,2019-08-23,3,Taylor Swift,NA,FALSE,NA,2019-08-16,2019-08-16,0.359,0.543,7,-7.582,1,0.0919,0.492,1.58e-5,0.118,0.453,68.534,4,221307,FALSE,G,major,G major,57.861635220125784,Lover,8,0.08
Lover,DATE,Miss Americana & The Heartbreak Prince,1,Lover,FALSE,2019-08-23,7,Taylor Swift,NA,FALSE,NA,NA,2019-08-23,0.662,0.747,11,-6.926,0,0.0736,0.028,0.00615,0.138,0.487,150.088,4,234147,FALSE,B,minor,B minor,70.14375230372282,Lover,8,0.08
Lover,DATE,Paper Rings,2,Lover,FALSE,2019-08-23,8,Taylor Swift,NA,FALSE,NA,NA,2019-08-23,0.811,0.719,9,-6.553,1,0.0497,0.0129,1.36e-5,0.0742,0.865,103.979,4,222400,FALSE,A,major,A major,71.19901112484548,Lover,8,0.08
Lover,DATE,Soon You'll Get Better,1,Lover,FALSE,2019-08-23,12,Taylor Swift,The Chicks,FALSE,NA,NA,2019-08-23,0.433,0.182,0,-12.566,1,0.0641,0.907,0,0.123,0.421,207.476,4,201587,FALSE,C,major,C major,59.94940978077572,Lover,8,0.08
Midnights,DATE,Glitch,2,Midnights,FALSE,2022-10-21,18,Taylor Swift,NA,TRUE,NA,NA,2022-10-21,0.675,0.466,11,-9.738,0,0.201,0.361,0,0.11,0.347,140.864,4,148781,FALSE,B,minor,B minor,63.76383763837639,Midnights,7,0.07
Midnights,DATE,High Infidelity,3,Midnights,FALSE,2022-10-21,17,Taylor Swift,NA,TRUE,NA,NA,2022-10-21,0.646,0.529,10,-10.179,1,0.0864,0.723,0,0.0885,0.755,87.862,4,231475,FALSE,A#,major,A# major,73.7046004842615,Midnights,7,0.07
Midnights,DATE,Karma,4,Midnights,FALSE,2022-10-21,11,Taylor Swift,NA,FALSE,NA,NA,2022-10-21,0.649,0.622,8,-7.054,1,0.0582,0.074,0,0.594,0.106,90.024,4,204852,TRUE,G#,major,G# major,66.49771920932591,Midnights,7,0.07
Midnights,DATE,Lavender Haze,3,Midnights,FALSE,2022-10-21,1,Taylor Swift,NA,FALSE,NA,2022-11-29,2022-10-21,0.735,0.444,10,-10.519,1,0.0684,0.204,0.0012,0.17,0.0984,97.038,4,202396,TRUE,A#,major,A# major,67.78615490061685,Midnights,7,0.07
Midnights,DATE,Midnight Rain,1,Midnights,FALSE,2022-10-21,6,Taylor Swift,NA,FALSE,NA,NA,2022-10-21,0.636,0.377,0,-11.721,1,0.0708,0.71,6.51e-5,0.115,0.23,139.966,4,174783,FALSE,C,major,C major,65.98360655737704,Midnights,7,0.07
Midnights,DATE,Paris,2,Midnights,FALSE,2022-10-21,16,Taylor Swift,NA,TRUE,NA,NA,2022-10-21,0.7,0.509,7,-10.547,1,0.0789,0.112,3.27e-5,0.137,0.345,110.947,4,196259,FALSE,G,major,G major,61.25848241826033,Midnights,7,0.07
Midnights,DATE,Snow On The Beach,1,Midnights,FALSE,2022-10-21,4,Taylor Swift,Lana Del Rey,FALSE,NA,NA,2022-10-21,0.659,0.323,9,-13.425,1,0.0436,0.735,0.00321,0.116,0.154,110.007,4,256124,TRUE,A,major,A major,69.56942428640542,Midnights,7,0.07
Midnights,DATE,Sweet Nothing,1,Midnights,FALSE,2022-10-21,12,Taylor Swift,NA,FALSE,NA,NA,2022-10-21,0.334,0.161,0,-14.875,1,0.0506,0.967,4.71e-5,0.115,0.396,176.747,4,188497,FALSE,C,major,C major,68.17275747508306,Midnights,7,0.07
Midnights,DATE,Sweet Nothing (Piano Remix),1,Midnights,FALSE,2022-10-21,16,NA,NA,TRUE,NA,NA,2022-10-21,NA,NA,NA,NA,NA,NA,NA,NA,NA,NA,NA,NA,NA,NA,NA,NA,NA,68.17275747508306,Midnights,7,0.07
Midnights,DATE,"Would've, Could've, Should've",3,Midnights,FALSE,2022-10-21,19,Taylor Swift,NA,TRUE,NA,NA,2022-10-21,0.483,0.84,7,-6.508,1,0.119,0.43,5.75e-4,0.146,0.55,157.979,4,260362,FALSE,G,major,G major,70.55692055692056,Midnights,7,0.07
Midnights,DATE,"You're On Your Own, Kid",1,Midnights,FALSE,2022-10-21,5,Taylor Swift,NA,FALSE,NA,NA,2022-10-21,0.694,0.38,2,-10.307,1,0.0614,0.416,8.47e-6,0.126,0.376,120.044,4,194207,FALSE,D,major,D major,53.8160469667319,Midnights,7,0.07
Midnights,DATE,"You're On Your Own, Kid (Strings Remix)",1,Midnights,FALSE,2022-10-21,15,NA,NA,TRUE,NA,NA,2022-10-21,NA,NA,NA,NA,NA,NA,NA,NA,NA,NA,NA,NA,NA,NA,NA,NA,NA,53.8160469667319,Midnights,7,0.07
Red (Taylor's Version),DATE,22 (Taylor's Version),5,Red (Taylor's Version),FALSE,2021-11-12,6,Taylor Swift,NA,FALSE,NA,NA,2021-11-12,0.642,0.695,7,-5.62,1,0.0281,4.43e-4,1.02e-5,0.0753,0.642,103.984,4,230960,FALSE,G,major,G major,71.67863554757629,Red (Taylor's Version),6,0.06
Red (Taylor's Version),DATE,All Too Well (10 Minute Version) [Taylor's Version] [From The Vault],3,Red (Taylor's Version),FALSE,2021-11-12,30,Taylor Swift,NA,FALSE,2021-11-15,NA,2021-11-12,0.631,0.518,0,-8.771,1,0.0303,0.274,0,0.088,0.205,93.023,4,613027,TRUE,C,major,C major,61.06902356902357,Red (Taylor's Version),6,0.06
Red (Taylor's Version),DATE,All Too Well (Taylor's Version),1,Red (Taylor's Version),FALSE,2021-11-12,5,Taylor Swift,NA,FALSE,NA,NA,2021-11-12,0.44,0.528,0,-7.809,1,0.0317,0.0171,0.00203,0.234,0.132,185.972,4,329160,FALSE,C,major,C major,55.68181818181818,Red (Taylor's Version),6,0.06
Red (Taylor's Version),DATE,Begin Again (Taylor's Version),8,Red (Taylor's Version),FALSE,2021-11-12,16,Taylor Swift,NA,FALSE,NA,NA,2021-11-12,0.519,0.527,7,-7.673,1,0.0274,0.075,0,0.132,0.267,78.915,4,238867,FALSE,G,major,G major,64.70951792336218,Red (Taylor's Version),6,0.06
Red (Taylor's Version),DATE,Come Back...Be Here (Taylor's Version),4,Red (Taylor's Version),FALSE,2021-11-12,18,Taylor Swift,NA,FALSE,NA,NA,2021-11-12,0.46,0.632,4,-6.031,1,0.0302,0.0158,0,0.0822,0.399,79.846,4,223333,FALSE,E,major,E major,63.48897535667963,Red (Taylor's Version),6,0.06
Red (Taylor's Version),DATE,Holy Ground (Taylor's Version),1,Red (Taylor's Version),FALSE,2021-11-12,11,Taylor Swift,NA,FALSE,NA,NA,2021-11-12,0.622,0.809,9,-5.623,1,0.0638,0.0288,0.00218,0.109,0.511,156.894,4,202960,FALSE,A,major,A major,60.48850574712644,Red (Taylor's Version),6,0.06
Red (Taylor's Version),DATE,I Almost Do (Taylor's Version),2,Red (Taylor's Version),FALSE,2021-11-12,7,Taylor Swift,NA,FALSE,NA,NA,2021-11-12,0.511,0.559,4,-6.587,1,0.0264,0.0167,0,0.113,0.248,145.88,4,244587,FALSE,E,major,E major,66.9558359621451,Red (Taylor's Version),6,0.06
Red (Taylor's Version),DATE,Nothing New (Taylor's Version) [From The Vault],7,Red (Taylor's Version),FALSE,2021-11-12,23,Taylor Swift,Phoebe Bridgers,FALSE,NA,NA,2021-11-12,0.606,0.377,0,-9.455,1,0.0275,0.817,0,0.154,0.446,101.96,4,258813,FALSE,C,major,C major,59.276018099547514,Red (Taylor's Version),6,0.06
Red (Taylor's Version),DATE,Ronan (Taylor's Version),5,Red (Taylor's Version),FALSE,2021-11-12,21,Taylor Swift,NA,FALSE,NA,NA,2021-11-12,0.623,0.279,0,-10.802,1,0.031,0.661,0,0.193,0.38,116.04,4,264253,FALSE,C,major,C major,57.52098127824403,Red (Taylor's Version),6,0.06
Red (Taylor's Version),DATE,Starlight (Taylor's Version),2,Red (Taylor's Version),FALSE,2021-11-12,15,Taylor Swift,NA,FALSE,NA,NA,2021-11-12,0.628,0.685,4,-5.864,1,0.0358,0.00324,0,0.18,0.605,126.014,4,220413,FALSE,E,major,E major,70.85478887744593,Red (Taylor's Version),6,0.06
Red (Taylor's Version),DATE,State Of Grace (Taylor's Version),1,Red (Taylor's Version),FALSE,2021-11-12,1,Taylor Swift,NA,FALSE,NA,NA,2021-11-12,0.594,0.713,9,-5.314,1,0.0503,3.28e-4,0,0.114,0.328,129.958,4,295413,FALSE,A,major,A major,63.243626062322946,Red (Taylor's Version),6,0.06
Red (Taylor's Version),DATE,The Lucky One (Taylor's Version),2,Red (Taylor's Version),FALSE,2021-11-12,13,Taylor Swift,NA,FALSE,NA,NA,2021-11-12,0.686,0.571,4,-7.138,1,0.05,0.066,0,0.0608,0.538,117.889,4,240467,FALSE,E,major,E major,62.477771191464136,Red (Taylor's Version),6,0.06
Red (Taylor's Version),DATE,The Moment I Knew (Taylor's Version),1,Red (Taylor's Version),FALSE,2021-11-12,17,Taylor Swift,NA,FALSE,NA,NA,2021-11-12,0.636,0.402,7,-7.855,1,0.031,0.0494,0,0.107,0.208,125.952,4,285280,FALSE,G,major,G major,61.10797060486151,Red (Taylor's Version),6,0.06
Red (Taylor's Version),DATE,We Are Never Ever Getting Back Together (Taylor's Version),2,Red (Taylor's Version),FALSE,2021-11-12,8,Taylor Swift,NA,FALSE,NA,NA,2021-11-12,0.567,0.686,7,-6.139,1,0.175,0.0317,1.86e-6,0.0732,0.716,172.014,4,193147,FALSE,G,major,G major,68.7469762941461,Red (Taylor's Version),6,0.06
Speak Now,DATE,Back To December,10,Speak Now,FALSE,2010-10-25,3,Taylor Swift,NA,FALSE,2010-10-11,2010-11-15,2010-10-11,0.529,0.67,2,-4.663,1,0.0303,0.117,0,0.334,0.286,141.893,4,293027,FALSE,D,major,D major,64.92146596858639,Speak Now,5,0.05
Speak Now,DATE,Dear John,1,Speak Now,FALSE,2010-10-25,5,Taylor Swift,NA,FALSE,NA,NA,2010-10-25,0.589,0.47,4,-5.32,1,0.028,0.166,1.45e-6,0.112,0.102,119.386,3,403920,FALSE,E,major,E major,59.08108108108108,Speak Now,5,0.05
Speak Now,DATE,If This Was A Movie,1,Speak Now,FALSE,2010-10-25,16,Taylor Swift,NA,TRUE,2010-11-08,NA,2010-10-25,0.511,0.719,4,-3.457,1,0.0265,0.166,4.54e-6,0.34,0.289,147.852,4,234547,FALSE,E,major,E major,66.89944134078212,Speak Now,5,0.05
Speak Now,DATE,Innocent,3,Speak Now,FALSE,2010-10-25,11,Taylor Swift,NA,FALSE,NA,NA,2010-10-25,0.552,0.608,1,-5.29,0,0.0259,0.186,0,0.125,0.17,134.05,4,302253,FALSE,C#,minor,C# minor,62.969808995687,Speak Now,5,0.05
Speak Now,DATE,Last Kiss,1,Speak Now,FALSE,2010-10-25,13,Taylor Swift,NA,FALSE,NA,NA,2010-10-25,0.371,0.341,10,-9.475,1,0.0319,0.57,3.09e-5,0.101,0.196,89.038,1,367133,FALSE,A#,major,A# major,61.29032258064516,Speak Now,5,0.05
Speak Now,DATE,Mean,1,Speak Now,FALSE,2010-10-25,6,Taylor Swift,NA,FALSE,2010-10-18,2011-03-13,2010-10-18,0.568,0.761,4,-3.987,1,0.0459,0.452,0,0.217,0.789,163.974,4,237733,FALSE,E,major,E major,66.5989847715736,Speak Now,5,0.05
Speak Now,DATE,Never Grow Up,1,Speak Now,FALSE,2010-10-25,8,Taylor Swift,NA,FALSE,NA,NA,2010-10-25,0.714,0.305,2,-8.837,1,0.0305,0.819,0,0.174,0.554,124.91,4,290467,FALSE,D,major,D major,63.87884267631103,Speak Now,5,0.05
Taylor Swift,DATE,A Place In This World,1,Taylor Swift,FALSE,2006-10-24,4,Taylor Swift,NA,FALSE,NA,NA,2006-10-24,0.576,0.777,9,-2.881,1,0.0324,0.051,0,0.32,0.428,115.028,4,199200,FALSE,A,major,A major,63.49056603773585,Taylor Swift,4,0.04
Taylor Swift,DATE,Mary's Song (Oh My My My),7,Taylor Swift,FALSE,2006-10-24,10,Taylor Swift,NA,FALSE,NA,NA,2006-10-24,0.403,0.627,2,-5.28,1,0.0292,0.0177,0,0.182,0.374,74.9,4,213080,FALSE,D,major,D major,55.12412476129853,Taylor Swift,4,0.04
Taylor Swift,DATE,Our Song,1,Taylor Swift,FALSE,2006-10-24,11,Taylor Swift,NA,FALSE,NA,2007-09-09,2006-10-24,0.668,0.672,2,-4.931,1,0.0303,0.111,0,0.329,0.539,89.011,4,201107,FALSE,D,major,D major,64.59593183067621,Taylor Swift,4,0.04
Taylor Swift,DATE,Should've Said No,1,Taylor Swift,FALSE,2006-10-24,9,Taylor Swift,NA,FALSE,NA,2008-05-18,2006-10-24,0.476,0.777,4,-3.771,0,0.0289,0.0103,0,0.196,0.472,167.964,4,242200,FALSE,E,minor,E minor,72.0891364902507,Taylor Swift,4,0.04
Taylor Swift,DATE,Tim McGraw,3,Taylor Swift,FALSE,2006-10-24,1,Taylor Swift,NA,FALSE,NA,2006-06-19,2006-06-19,0.58,0.491,0,-6.462,1,0.0251,0.575,0,0.121,0.425,76.009,4,232107,FALSE,C,major,C major,65.78503095104108,Taylor Swift,4,0.04
evermore,DATE,'tis the damn season,9,evermore,FALSE,2020-12-11,4,Taylor Swift,NA,FALSE,NA,NA,2020-12-11,0.575,0.434,5,-8.193,1,0.0312,0.735,6.59e-5,0.105,0.348,145.916,4,229840,FALSE,F,major,F major,64.93440968718465,evermore,2,0.02
evermore,DATE,champagne problems,1,evermore,FALSE,2020-12-11,2,Taylor Swift,NA,FALSE,NA,NA,2020-12-11,0.462,0.24,0,-12.077,1,0.0377,0.92,0,0.113,0.32,171.319,4,244000,TRUE,C,major,C major,52.377972465581976,evermore,2,0.02
evermore,DATE,coney island,1,evermore,FALSE,2020-12-11,9,Taylor Swift,The National,FALSE,NA,2021-01-18,2020-12-11,0.537,0.537,8,-11.266,1,0.0617,0.819,9.04e-4,0.142,0.292,107.895,4,275320,FALSE,G#,major,G# major,61.23370110330993,evermore,2,0.02
evermore,DATE,evermore,6,evermore,FALSE,2020-12-11,15,Taylor Swift,Bon Iver,FALSE,NA,NA,2020-12-11,0.39,0.27,1,-10.673,1,0.0308,0.937,0.00227,0.111,0.32,125.177,5,304107,FALSE,C#,major,C# major,60.72874493927125,evermore,2,0.02
evermore,DATE,happiness,1,evermore,FALSE,2020-12-11,7,Taylor Swift,NA,FALSE,NA,NA,2020-12-11,0.559,0.334,11,-10.733,1,0.0376,0.87,0,0.114,0.211,122.079,4,315147,TRUE,B,major,B major,60.27713625866051,evermore,2,0.02
evermore,DATE,it's time to go,2,evermore,FALSE,2020-12-11,17,Taylor Swift,NA,TRUE,NA,NA,2020-12-11,0.592,0.41,0,-12.426,1,0.0397,0.801,1.39e-5,0.09,0.416,151.923,4,254640,FALSE,C,major,C major,67.45817593092282,evermore,2,0.02
evermore,DATE,"no body, no crime",1,evermore,FALSE,2020-12-11,6,Taylor Swift,HAIM,FALSE,NA,2021-01-11,2020-12-11,0.546,0.613,7,-7.589,0,0.0264,0.418,0,0.103,0.535,79.015,4,215627,FALSE,G,minor,G minor,64.47963800904978,evermore,2,0.02
evermore,DATE,right where you left me,3,evermore,FALSE,2020-12-11,16,Taylor Swift,NA,TRUE,NA,NA,2020-12-11,0.581,0.619,10,-6.524,1,0.0282,0.769,1.06e-4,0.117,0.645,137.915,4,245027,FALSE,A#,major,A# major,62.41545893719807,evermore,2,0.02
evermore,DATE,willow,1,evermore,FALSE,2020-12-11,1,Taylor Swift,NA,FALSE,NA,2020-12-11,2020-12-11,0.392,0.574,7,-9.195,1,0.17,0.833,0.00179,0.145,0.529,81.112,4,214707,FALSE,G,major,G major,72.04246713852376,evermore,2,0.02
folklore,DATE,august,7,folklore,FALSE,2020-07-24,8,Taylor Swift,NA,FALSE,NA,NA,2020-07-24,0.387,0.634,5,-9.222,1,0.0363,0.553,6.93e-5,0.0931,0.42,89.567,4,261920,FALSE,F,major,F major,72.00418628990057,folklore,1,0.01
folklore,DATE,betty,5,folklore,FALSE,2020-07-24,14,Taylor Swift,NA,FALSE,NA,2020-08-17,2020-07-24,0.595,0.376,0,-8.767,1,0.0256,0.589,0,0.0989,0.476,95.946,4,294520,TRUE,C,major,C major,61.59153633854646,folklore,1,0.01
folklore,DATE,invisible string,2,folklore,FALSE,2020-07-24,11,Taylor Swift,NA,FALSE,NA,NA,2020-07-24,0.651,0.459,4,-11.128,0,0.0507,0.859,6.63e-5,0.105,0.454,83.455,4,252880,FALSE,E,minor,E minor,55.670103092783506,folklore,1,0.01
folklore,DATE,peace,1,folklore,FALSE,2020-07-24,15,Taylor Swift,NA,FALSE,NA,NA,2020-07-24,0.644,0.284,5,-12.879,1,0.0821,0.916,1.5e-5,0.0909,0.328,150.072,4,234000,TRUE,F,major,F major,60.278745644599304,folklore,1,0.01
folklore,DATE,the 1,5,folklore,FALSE,2020-07-24,1,Taylor Swift,NA,FALSE,2020-10-09,NA,2020-07-24,0.78,0.361,0,-6.942,1,0.048,0.75,7.14e-6,0.108,0.163,139.902,4,210240,TRUE,C,major,C major,61.7407639323732,folklore,1,0.01
folklore,DATE,the last great american dynasty,1,folklore,FALSE,2020-07-24,3,Taylor Swift,NA,FALSE,NA,NA,2020-07-24,0.688,0.653,7,-8.558,1,0.0403,0.481,0.00414,0.106,0.701,147.991,4,231000,TRUE,G,major,G major,57.58620689655173,folklore,1,0.01
reputation,DATE,Call It What You Want,2,reputation,FALSE,2017-11-10,14,Taylor Swift,NA,FALSE,2017-11-03,NA,2017-11-03,0.598,0.504,9,-9.874,1,0.0731,0.186,2.21e-4,0.34,0.252,163.954,4,203507,FALSE,A,major,A major,70.7485760781123,reputation,10,0.1
reputation,DATE,Dancing With Our Hands Tied,1,reputation,FALSE,2017-11-10,11,Taylor Swift,NA,FALSE,NA,NA,2017-11-10,0.624,0.691,0,-6.686,0,0.196,0.0604,1.1e-5,0.138,0.284,160.024,4,211507,FALSE,C,minor,C minor,70.12750455373407,reputation,10,0.1
reputation,DATE,End Game,2,reputation,FALSE,2017-11-10,2,Taylor Swift,"Ed Sheeran, Future",FALSE,NA,2017-11-14,2017-11-10,0.649,0.589,2,-6.237,1,0.0558,0.00845,0,0.108,0.151,159.073,4,244827,FALSE,D,major,D major,66.39463713203148,reputation,10,0.1
reputation,DATE,King Of My Heart,1,reputation,FALSE,2017-11-10,10,Taylor Swift,NA,FALSE,NA,NA,2017-11-10,0.675,0.703,0,-7.902,1,0.0382,0.00882,2.21e-6,0.0391,0.314,110.01,4,214320,FALSE,C,major,C major,71.84176945980434,reputation,10,0.1
reputation,DATE,Look What You Made Me Do,1,reputation,FALSE,2017-11-10,6,Taylor Swift,NA,FALSE,NA,2017-08-24,2017-08-24,0.766,0.709,9,-6.471,0,0.123,0.204,1.41e-5,0.126,0.506,128.07,4,211853,FALSE,A,minor,A minor,77.85602503912364,reputation,10,0.1
reputation,DATE,This Is Why We Can't Have Nice Things,1,reputation,FALSE,2017-11-10,13,Taylor Swift,NA,FALSE,NA,NA,2017-11-10,0.567,0.789,5,-5.986,1,0.115,0.0156,0,0.382,0.438,163.96,4,207133,FALSE,F,major,F major,64.8782911077993,reputation,10,0.1
Midnights,EVENT,The Great War,7,Midnights,FALSE,2022-10-21,14,Taylor Swift,NA,TRUE,NA,NA,2022-10-21,0.573,0.741,5,-8.987,1,0.0353,0.219,2.23e-5,0.0842,0.554,96.016,4,240356,FALSE,F,major,F major,57.644516477579685,Midnights,7,0.07
reputation,EVENT,New Year's Day,3,reputation,FALSE,2017-11-10,15,Taylor Swift,NA,FALSE,NA,2017-11-27,2017-11-10,0.661,0.151,0,-12.864,1,0.0354,0.921,0,0.13,0.23,94.922,4,235467,FALSE,C,major,C major,74.53183520599251,reputation,10,0.1
Lover,FAC,Cornelia Street,16,Lover,FALSE,2019-08-23,9,Taylor Swift,NA,FALSE,NA,NA,2019-08-23,0.824,0.624,0,-9.728,1,0.0827,0.781,1.89e-4,0.1,0.248,102.012,4,287267,FALSE,C,major,C major,67.3202614379085,Lover,8,0.08
Lover,FAC,I Think He Knows,4,Lover,FALSE,2019-08-23,6,Taylor Swift,NA,FALSE,NA,NA,2019-08-23,0.897,0.366,0,-8.029,1,0.0569,0.00889,3.53e-4,0.0715,0.416,100.003,4,173387,FALSE,C,major,C major,69.72049689440993,Lover,8,0.08
Lover,FAC,London Boy,5,Lover,FALSE,2019-08-23,11,Taylor Swift,NA,FALSE,NA,NA,2019-08-23,0.695,0.71,1,-6.639,1,0.05,0.0246,1.04e-4,0.133,0.557,157.925,4,190240,FALSE,C#,major,C# major,65.41176470588236,Lover,8,0.08
Red (Taylor's Version),FAC,The Lucky One (Taylor's Version),1,Red (Taylor's Version),FALSE,2021-11-12,13,Taylor Swift,NA,FALSE,NA,NA,2021-11-12,0.686,0.571,4,-7.138,1,0.05,0.066,0,0.0608,0.538,117.889,4,240467,FALSE,E,major,E major,62.477771191464136,Red (Taylor's Version),6,0.06
evermore,FAC,'tis the damn season,1,evermore,FALSE,2020-12-11,4,Taylor Swift,NA,FALSE,NA,NA,2020-12-11,0.575,0.434,5,-8.193,1,0.0312,0.735,6.59e-5,0.105,0.348,145.916,4,229840,FALSE,F,major,F major,64.93440968718465,evermore,2,0.02
evermore,FAC,"no body, no crime",1,evermore,FALSE,2020-12-11,6,Taylor Swift,HAIM,FALSE,NA,2021-01-11,2020-12-11,0.546,0.613,7,-7.589,0,0.0264,0.418,0,0.103,0.535,79.015,4,215627,FALSE,G,minor,G minor,64.47963800904978,evermore,2,0.02
folklore,FAC,cardigan,1,folklore,FALSE,2020-07-24,2,Taylor Swift,NA,FALSE,NA,2020-07-27,2020-07-24,0.612,0.58,0,-8.572,0,0.0419,0.525,4.14e-4,0.26,0.534,130.045,4,239560,FALSE,C,minor,C minor,60.08303677342823,folklore,1,0.01
folklore,FAC,invisible string,2,folklore,FALSE,2020-07-24,11,Taylor Swift,NA,FALSE,NA,NA,2020-07-24,0.651,0.459,4,-11.128,0,0.0507,0.859,6.63e-5,0.105,0.454,83.455,4,252880,FALSE,E,minor,E minor,55.670103092783506,folklore,1,0.01
folklore,FAC,the last great american dynasty,2,folklore,FALSE,2020-07-24,3,Taylor Swift,NA,FALSE,NA,NA,2020-07-24,0.688,0.653,7,-8.558,1,0.0403,0.481,0.00414,0.106,0.701,147.991,4,231000,TRUE,G,major,G major,57.58620689655173,folklore,1,0.01
1989,GPE,Welcome To New York,30,1989,FALSE,2014-10-27,1,Taylor Swift,NA,FALSE,2014-10-20,NA,2014-10-20,0.789,0.634,7,-4.762,1,0.0323,0.0348,1.64e-6,0.302,0.658,116.992,4,212600,FALSE,G,major,G major,74.6349378042185,1989,11,0.11
Fearless (Taylor's Version),GPE,White Horse (Taylor's Version),2,Fearless (Taylor's Version),FALSE,2021-04-09,5,Taylor Swift,NA,FALSE,NA,NA,2021-04-09,0.423,0.517,0,-7.377,1,0.0486,0.369,0,0.177,0.366,185.262,4,234516,FALSE,C,major,C major,59.084791386271874,Fearless (Taylor's Version),3,0.03
Lover,GPE,Daylight,2,Lover,FALSE,2019-08-23,18,Taylor Swift,NA,FALSE,NA,NA,2019-08-23,0.557,0.496,0,-9.602,1,0.0563,0.808,1.73e-4,0.0772,0.265,149.983,4,293453,FALSE,C,major,C major,68.29855537720707,Lover,8,0.08
Lover,GPE,False God,1,Lover,FALSE,2019-08-23,13,Taylor Swift,NA,FALSE,NA,NA,2019-08-23,0.739,0.32,11,-10.862,0,0.239,0.736,1.47e-4,0.111,0.351,79.97,4,200307,FALSE,B,minor,B minor,66.19627966645285,Lover,8,0.08
Lover,GPE,London Boy,14,Lover,FALSE,2019-08-23,11,Taylor Swift,NA,FALSE,NA,NA,2019-08-23,0.695,0.71,1,-6.639,1,0.05,0.0246,1.04e-4,0.133,0.557,157.925,4,190240,FALSE,C#,major,C# major,65.41176470588236,Lover,8,0.08
Lover,GPE,The Man,1,Lover,FALSE,2019-08-23,4,Taylor Swift,NA,FALSE,NA,2020-01-27,2019-08-23,0.777,0.658,0,-5.191,1,0.054,0.0767,0,0.0901,0.633,110.048,4,190360,FALSE,C,major,C major,67.30975348338693,Lover,8,0.08
Midnights,GPE,Maroon,2,Midnights,FALSE,2022-10-21,2,Taylor Swift,NA,FALSE,NA,NA,2022-10-21,0.658,0.378,7,-8.3,1,0.0379,0.0593,0,0.0976,0.0382,108.034,4,218271,TRUE,G,major,G major,64.74901297236323,Midnights,7,0.07
Midnights,GPE,Paris,6,Midnights,FALSE,2022-10-21,16,Taylor Swift,NA,TRUE,NA,NA,2022-10-21,0.7,0.509,7,-10.547,1,0.0789,0.112,3.27e-5,0.137,0.345,110.947,4,196259,FALSE,G,major,G major,61.25848241826033,Midnights,7,0.07
Midnights,GPE,Sweet Nothing,1,Midnights,FALSE,2022-10-21,12,Taylor Swift,NA,FALSE,NA,NA,2022-10-21,0.334,0.161,0,-14.875,1,0.0506,0.967,4.71e-5,0.115,0.396,176.747,4,188497,FALSE,C,major,C major,68.17275747508306,Midnights,7,0.07
Midnights,GPE,Sweet Nothing (Piano Remix),1,Midnights,FALSE,2022-10-21,16,NA,NA,TRUE,NA,NA,2022-10-21,NA,NA,NA,NA,NA,NA,NA,NA,NA,NA,NA,NA,NA,NA,NA,NA,NA,68.17275747508306,Midnights,7,0.07
Red (Taylor's Version),GPE,All Too Well (10 Minute Version) [Taylor's Version] [From The Vault],1,Red (Taylor's Version),FALSE,2021-11-12,30,Taylor Swift,NA,FALSE,2021-11-15,NA,2021-11-12,0.631,0.518,0,-8.771,1,0.0303,0.274,0,0.088,0.205,93.023,4,613027,TRUE,C,major,C major,61.06902356902357,Red (Taylor's Version),6,0.06
Red (Taylor's Version),GPE,Come Back...Be Here (Taylor's Version),5,Red (Taylor's Version),FALSE,2021-11-12,18,Taylor Swift,NA,FALSE,NA,NA,2021-11-12,0.46,0.632,4,-6.031,1,0.0302,0.0158,0,0.0822,0.399,79.846,4,223333,FALSE,E,major,E major,63.48897535667963,Red (Taylor's Version),6,0.06
Red (Taylor's Version),GPE,Holy Ground (Taylor's Version),1,Red (Taylor's Version),FALSE,2021-11-12,11,Taylor Swift,NA,FALSE,NA,NA,2021-11-12,0.622,0.809,9,-5.623,1,0.0638,0.0288,0.00218,0.109,0.511,156.894,4,202960,FALSE,A,major,A major,60.48850574712644,Red (Taylor's Version),6,0.06
Red (Taylor's Version),GPE,I Bet You Think About Me (Taylor's Version) [From The Vault],1,Red (Taylor's Version),FALSE,2021-11-12,26,Taylor Swift,Chris Stapleton,FALSE,NA,NA,2021-11-12,0.391,0.715,0,-4.516,1,0.0495,0.167,0,0.183,0.473,149.654,3,285107,TRUE,C,major,C major,54.82775351770985,Red (Taylor's Version),6,0.06
Red (Taylor's Version),GPE,Message In A Bottle (Taylor's Version) [From The Vault],1,Red (Taylor's Version),FALSE,2021-11-12,25,Taylor Swift,NA,FALSE,NA,NA,2021-11-12,0.622,0.791,7,-6.106,1,0.0535,0.00188,3.72e-6,0.083,0.494,115.915,4,225960,FALSE,G,major,G major,73.7864077669903,Red (Taylor's Version),6,0.06
Red (Taylor's Version),GPE,The Very First Night (Taylor's Version) [From The Vault],1,Red (Taylor's Version),FALSE,2021-11-12,29,Taylor Swift,NA,FALSE,NA,NA,2021-11-12,0.678,0.733,7,-5.025,1,0.0281,0.00115,0,0.104,0.581,121.009,4,200280,FALSE,G,major,G major,67.7840909090909,Red (Taylor's Version),6,0.06
Taylor Swift,GPE,Tim McGraw,2,Taylor Swift,FALSE,2006-10-24,1,Taylor Swift,NA,FALSE,NA,2006-06-19,2006-06-19,0.58,0.491,0,-6.462,1,0.0251,0.575,0,0.121,0.425,76.009,4,232107,FALSE,C,major,C major,65.78503095104108,Taylor Swift,4,0.04
evermore,GPE,'tis the damn season,1,evermore,FALSE,2020-12-11,4,Taylor Swift,NA,FALSE,NA,NA,2020-12-11,0.575,0.434,5,-8.193,1,0.0312,0.735,6.59e-5,0.105,0.348,145.916,4,229840,FALSE,F,major,F major,64.93440968718465,evermore,2,0.02
evermore,GPE,coney island,2,evermore,FALSE,2020-12-11,9,Taylor Swift,The National,FALSE,NA,2021-01-18,2020-12-11,0.537,0.537,8,-11.266,1,0.0617,0.819,9.04e-4,0.142,0.292,107.895,4,275320,FALSE,G#,major,G# major,61.23370110330993,evermore,2,0.02
evermore,GPE,dorothea,2,evermore,FALSE,2020-12-11,8,Taylor Swift,NA,FALSE,NA,NA,2020-12-11,0.605,0.488,4,-8.322,1,0.0264,0.696,0,0.129,0.354,119.966,4,225880,FALSE,E,major,E major,58.089368258859785,evermore,2,0.02
folklore,GPE,hoax,1,folklore,FALSE,2020-07-24,16,Taylor Swift,NA,FALSE,NA,NA,2020-07-24,0.676,0.178,8,-15.01,1,0.0394,0.964,7.9e-6,0.135,0.404,118.84,4,220040,FALSE,G#,major,G# major,60.26711185308849,folklore,1,0.01
folklore,GPE,invisible string,1,folklore,FALSE,2020-07-24,11,Taylor Swift,NA,FALSE,NA,NA,2020-07-24,0.651,0.459,4,-11.128,0,0.0507,0.859,6.63e-5,0.105,0.454,83.455,4,252880,FALSE,E,minor,E minor,55.670103092783506,folklore,1,0.01
folklore,GPE,seven,2,folklore,FALSE,2020-07-24,7,Taylor Swift,NA,FALSE,NA,NA,2020-07-24,0.602,0.494,4,-10.813,1,0.0277,0.888,2.59e-5,0.0902,0.374,94.955,4,208907,FALSE,E,major,E major,51.615969581749056,folklore,1,0.01
folklore,GPE,the last great american dynasty,2,folklore,FALSE,2020-07-24,3,Taylor Swift,NA,FALSE,NA,NA,2020-07-24,0.688,0.653,7,-8.558,1,0.0403,0.481,0.00414,0.106,0.701,147.991,4,231000,TRUE,G,major,G major,57.58620689655173,folklore,1,0.01
1989,LOC,Wonderland,1,1989,FALSE,2014-10-27,14,Taylor Swift,NA,TRUE,2015-02-17,NA,2014-10-27,0.422,0.692,3,-5.447,1,0.0549,0.0493,2.57e-5,0.177,0.197,184.014,4,245560,FALSE,D#,major,D# major,70.86122266845159,1989,11,0.11
Lover,LOC,False God,1,Lover,FALSE,2019-08-23,13,Taylor Swift,NA,FALSE,NA,NA,2019-08-23,0.739,0.32,11,-10.862,0,0.239,0.736,1.47e-4,0.111,0.351,79.97,4,200307,FALSE,B,minor,B minor,66.19627966645285,Lover,8,0.08
Lover,LOC,London Boy,1,Lover,FALSE,2019-08-23,11,Taylor Swift,NA,FALSE,NA,NA,2019-08-23,0.695,0.71,1,-6.639,1,0.05,0.0246,1.04e-4,0.133,0.557,157.925,4,190240,FALSE,C#,major,C# major,65.41176470588236,Lover,8,0.08
Midnights,LOC,Bigger Than The Whole Sky,1,Midnights,FALSE,2022-10-21,15,Taylor Swift,NA,TRUE,NA,NA,2022-10-21,0.422,0.235,6,-12.379,1,0.0568,0.826,0.00648,0.115,0.068,165.71,4,218503,FALSE,F#,major,F# major,72.00902934537245,Midnights,7,0.07
Red (Taylor's Version),LOC,The Lucky One (Taylor's Version),1,Red (Taylor's Version),FALSE,2021-11-12,13,Taylor Swift,NA,FALSE,NA,NA,2021-11-12,0.686,0.571,4,-7.138,1,0.05,0.066,0,0.0608,0.538,117.889,4,240467,FALSE,E,major,E major,62.477771191464136,Red (Taylor's Version),6,0.06
evermore,LOC,cowboy like me,1,evermore,FALSE,2020-12-11,11,Taylor Swift,NA,FALSE,NA,NA,2020-12-11,0.604,0.517,0,-9.014,1,0.0347,0.768,1.55e-4,0.123,0.511,127.967,4,275040,TRUE,C,major,C major,62.858851674641144,evermore,2,0.02
folklore,LOC,invisible string,1,folklore,FALSE,2020-07-24,11,Taylor Swift,NA,FALSE,NA,NA,2020-07-24,0.651,0.459,4,-11.128,0,0.0507,0.859,6.63e-5,0.105,0.454,83.455,4,252880,FALSE,E,minor,E minor,55.670103092783506,folklore,1,0.01
folklore,LOC,the lakes,6,folklore,FALSE,2020-07-24,17,Taylor Swift,NA,TRUE,2021-07-24,NA,2020-07-24,0.313,0.258,2,-11.532,1,0.0383,0.842,1.3e-6,0.0948,0.268,179.947,4,211813,FALSE,D,major,D major,60.92436974789915,folklore,1,0.01
reputation,LOC,Delicate,2,reputation,FALSE,2017-11-10,5,Taylor Swift,NA,FALSE,NA,2018-03-12,2017-11-10,0.75,0.404,9,-10.178,0,0.0682,0.216,3.57e-4,0.0911,0.0499,95.045,4,232253,FALSE,A,minor,A minor,75.0503018108652,reputation,10,0.1
Red (Taylor's Version),MONEY,I Bet You Think About Me (Taylor's Version) [From The Vault],1,Red (Taylor's Version),FALSE,2021-11-12,26,Taylor Swift,Chris Stapleton,FALSE,NA,NA,2021-11-12,0.391,0.715,0,-4.516,1,0.0495,0.167,0,0.183,0.473,149.654,3,285107,TRUE,C,major,C major,54.82775351770985,Red (Taylor's Version),6,0.06
1989,NORP,Wonderland,1,1989,FALSE,2014-10-27,14,Taylor Swift,NA,TRUE,2015-02-17,NA,2014-10-27,0.422,0.692,3,-5.447,1,0.0549,0.0493,2.57e-5,0.177,0.197,184.014,4,245560,FALSE,D#,major,D# major,70.86122266845159,1989,11,0.11
Lover,NORP,London Boy,6,Lover,FALSE,2019-08-23,11,Taylor Swift,NA,FALSE,NA,NA,2019-08-23,0.695,0.71,1,-6.639,1,0.05,0.0246,1.04e-4,0.133,0.557,157.925,4,190240,FALSE,C#,major,C# major,65.41176470588236,Lover,8,0.08
Lover,NORP,Miss Americana & The Heartbreak Prince,2,Lover,FALSE,2019-08-23,7,Taylor Swift,NA,FALSE,NA,NA,2019-08-23,0.662,0.747,11,-6.926,0,0.0736,0.028,0.00615,0.138,0.487,150.088,4,234147,FALSE,B,minor,B minor,70.14375230372282,Lover,8,0.08
Red (Taylor's Version),NORP,State Of Grace (Acoustic Version) [Taylor's Version],1,Red (Taylor's Version),FALSE,2021-11-12,20,Taylor Swift,NA,FALSE,NA,NA,2021-11-12,0.445,0.131,7,-13.778,1,0.0564,0.663,1.57e-6,0.108,0.101,208.918,3,321640,FALSE,G,major,G major,57.38893925657298,Red (Taylor's Version),6,0.06
Red (Taylor's Version),NORP,State Of Grace (Taylor's Version),1,Red (Taylor's Version),FALSE,2021-11-12,1,Taylor Swift,NA,FALSE,NA,NA,2021-11-12,0.594,0.713,9,-5.314,1,0.0503,3.28e-4,0,0.114,0.328,129.958,4,295413,FALSE,A,major,A major,63.243626062322946,Red (Taylor's Version),6,0.06
Taylor Swift,NORP,Picture To Burn,3,Taylor Swift,FALSE,2006-10-24,2,Taylor Swift,NA,FALSE,NA,2008-02-03,2006-10-24,0.658,0.877,7,-2.098,1,0.0323,0.173,0,0.0962,0.821,105.586,4,173067,FALSE,G,major,G major,67.10353866317169,Taylor Swift,4,0.04
folklore,NORP,invisible string,1,folklore,FALSE,2020-07-24,11,Taylor Swift,NA,FALSE,NA,NA,2020-07-24,0.651,0.459,4,-11.128,0,0.0507,0.859,6.63e-5,0.105,0.454,83.455,4,252880,FALSE,E,minor,E minor,55.670103092783506,folklore,1,0.01
folklore,NORP,the last great american dynasty,2,folklore,FALSE,2020-07-24,3,Taylor Swift,NA,FALSE,NA,NA,2020-07-24,0.688,0.653,7,-8.558,1,0.0403,0.481,0.00414,0.106,0.701,147.991,4,231000,TRUE,G,major,G major,57.58620689655173,folklore,1,0.01
reputation,NORP,King Of My Heart,2,reputation,FALSE,2017-11-10,10,Taylor Swift,NA,FALSE,NA,NA,2017-11-10,0.675,0.703,0,-7.902,1,0.0382,0.00882,2.21e-6,0.0391,0.314,110.01,4,214320,FALSE,C,major,C major,71.84176945980434,reputation,10,0.1
1989,ORDINAL,Blank Space,1,1989,FALSE,2014-10-27,2,Taylor Swift,NA,FALSE,NA,2014-11-10,2014-10-27,0.76,0.703,5,-5.412,1,0.054,0.103,0,0.0913,0.57,95.997,4,231827,FALSE,F,major,F major,67.60731319554849,1989,11,0.11
1989,ORDINAL,Welcome To New York,1,1989,FALSE,2014-10-27,1,Taylor Swift,NA,FALSE,2014-10-20,NA,2014-10-20,0.789,0.634,7,-4.762,1,0.0323,0.0348,1.64e-6,0.302,0.658,116.992,4,212600,FALSE,G,major,G major,74.6349378042185,1989,11,0.11
Fearless (Taylor's Version),ORDINAL,Fearless (Taylor's Version),5,Fearless (Taylor's Version),FALSE,2021-04-09,1,Taylor Swift,NA,FALSE,NA,NA,2021-04-09,0.569,0.741,5,-4.963,1,0.0282,0.0122,0,0.333,0.43,100.118,4,241592,FALSE,F,major,F major,64.52028332260141,Fearless (Taylor's Version),3,0.03
Fearless (Taylor's Version),ORDINAL,Fifteen (Taylor's Version),4,Fearless (Taylor's Version),FALSE,2021-04-09,2,Taylor Swift,NA,FALSE,NA,NA,2021-04-09,0.559,0.646,7,-4.61,1,0.0272,0.116,0,0.32,0.289,95.466,4,294419,FALSE,G,major,G major,59.13555992141454,Fearless (Taylor's Version),3,0.03
Fearless (Taylor's Version),ORDINAL,Love Story (Taylor's Version),2,Fearless (Taylor's Version),FALSE,2021-04-09,3,Taylor Swift,NA,FALSE,NA,2021-02-12,2021-02-12,0.627,0.792,2,-4.311,1,0.031,0.13,3.97e-6,0.0845,0.415,119.054,4,235767,FALSE,D,major,D major,57.9600647598489,Fearless (Taylor's Version),3,0.03
Fearless (Taylor's Version),ORDINAL,SuperStar (Taylor's Version),1,Fearless (Taylor's Version),FALSE,2021-04-09,18,Taylor Swift,NA,FALSE,NA,NA,2021-04-09,0.454,0.555,2,-6.69,1,0.0283,0.157,0,0.343,0.171,171.862,4,263865,FALSE,D,major,D major,64.48398576512456,Fearless (Taylor's Version),3,0.03
Lover,ORDINAL,London Boy,1,Lover,FALSE,2019-08-23,11,Taylor Swift,NA,FALSE,NA,NA,2019-08-23,0.695,0.71,1,-6.639,1,0.05,0.0246,1.04e-4,0.133,0.557,157.925,4,190240,FALSE,C#,major,C# major,65.41176470588236,Lover,8,0.08
Lover,ORDINAL,Paper Rings,2,Lover,FALSE,2019-08-23,8,Taylor Swift,NA,FALSE,NA,NA,2019-08-23,0.811,0.719,9,-6.553,1,0.0497,0.0129,1.36e-5,0.0742,0.865,103.979,4,222400,FALSE,A,major,A major,71.19901112484548,Lover,8,0.08
Lover,ORDINAL,Soon You'll Get Better,1,Lover,FALSE,2019-08-23,12,Taylor Swift,The Chicks,FALSE,NA,NA,2019-08-23,0.433,0.182,0,-12.566,1,0.0641,0.907,0,0.123,0.421,207.476,4,201587,FALSE,C,major,C major,59.94940978077572,Lover,8,0.08
Midnights,ORDINAL,Bejeweled,1,Midnights,FALSE,2022-10-21,9,Taylor Swift,NA,FALSE,2022-10-25,NA,2022-10-21,0.7,0.55,7,-9.13,1,0.0653,0.0661,1.02e-4,0.091,0.412,164.003,4,194166,FALSE,G,major,G major,68.44359828653023,Midnights,7,0.07
Midnights,ORDINAL,Dear Reader,1,Midnights,FALSE,2022-10-21,20,Taylor Swift,NA,TRUE,NA,NA,2022-10-21,0.562,0.388,0,-12.088,1,0.0705,0.481,0.00145,0.117,0.159,107.747,4,225194,FALSE,C,major,C major,59.49895615866389,Midnights,7,0.07
Midnights,ORDINAL,Mastermind,4,Midnights,FALSE,2022-10-21,13,Taylor Swift,NA,FALSE,NA,NA,2022-10-21,0.661,0.352,4,-14.077,1,0.117,0.571,0.00147,0.0884,0.13,125.934,4,191039,FALSE,E,major,E major,59.80570734669095,Midnights,7,0.07
Midnights,ORDINAL,Question...?,1,Midnights,FALSE,2022-10-21,7,Taylor Swift,NA,FALSE,NA,NA,2022-10-21,0.751,0.502,7,-8.777,1,0.162,0.226,0,0.297,0.112,108.989,4,210557,TRUE,G,major,G major,66.421681212678,Midnights,7,0.07
Midnights,ORDINAL,"Would've, Could've, Should've",3,Midnights,FALSE,2022-10-21,19,Taylor Swift,NA,TRUE,NA,NA,2022-10-21,0.483,0.84,7,-6.508,1,0.119,0.43,5.75e-4,0.146,0.55,157.979,4,260362,FALSE,G,major,G major,70.55692055692056,Midnights,7,0.07
Red (Taylor's Version),ORDINAL,All Too Well (10 Minute Version) [Taylor's Version] [From The Vault],1,Red (Taylor's Version),FALSE,2021-11-12,30,Taylor Swift,NA,FALSE,2021-11-15,NA,2021-11-12,0.631,0.518,0,-8.771,1,0.0303,0.274,0,0.088,0.205,93.023,4,613027,TRUE,C,major,C major,61.06902356902357,Red (Taylor's Version),6,0.06
Red (Taylor's Version),ORDINAL,Begin Again (Taylor's Version),1,Red (Taylor's Version),FALSE,2021-11-12,16,Taylor Swift,NA,FALSE,NA,NA,2021-11-12,0.519,0.527,7,-7.673,1,0.0274,0.075,0,0.132,0.267,78.915,4,238867,FALSE,G,major,G major,64.70951792336218,Red (Taylor's Version),6,0.06
Red (Taylor's Version),ORDINAL,Holy Ground (Taylor's Version),2,Red (Taylor's Version),FALSE,2021-11-12,11,Taylor Swift,NA,FALSE,NA,NA,2021-11-12,0.622,0.809,9,-5.623,1,0.0638,0.0288,0.00218,0.109,0.511,156.894,4,202960,FALSE,A,major,A major,60.48850574712644,Red (Taylor's Version),6,0.06
Red (Taylor's Version),ORDINAL,The Very First Night (Taylor's Version) [From The Vault],5,Red (Taylor's Version),FALSE,2021-11-12,29,Taylor Swift,NA,FALSE,NA,NA,2021-11-12,0.678,0.733,7,-5.025,1,0.0281,0.00115,0,0.104,0.581,121.009,4,200280,FALSE,G,major,G major,67.7840909090909,Red (Taylor's Version),6,0.06
Red (Taylor's Version),ORDINAL,We Are Never Ever Getting Back Together (Taylor's Version),1,Red (Taylor's Version),FALSE,2021-11-12,8,Taylor Swift,NA,FALSE,NA,NA,2021-11-12,0.567,0.686,7,-6.139,1,0.175,0.0317,1.86e-6,0.0732,0.716,172.014,4,193147,FALSE,G,major,G major,68.7469762941461,Red (Taylor's Version),6,0.06
Speak Now,ORDINAL,Back To December,1,Speak Now,FALSE,2010-10-25,3,Taylor Swift,NA,FALSE,2010-10-11,2010-11-15,2010-10-11,0.529,0.67,2,-4.663,1,0.0303,0.117,0,0.334,0.286,141.893,4,293027,FALSE,D,major,D major,64.92146596858639,Speak Now,5,0.05
Speak Now,ORDINAL,Enchanted,1,Speak Now,FALSE,2010-10-25,9,Taylor Swift,NA,FALSE,NA,NA,2010-10-25,0.455,0.623,8,-3.878,1,0.0288,0.0739,4.24e-4,0.146,0.208,163.893,4,352187,FALSE,G#,major,G# major,67.03507928880346,Speak Now,5,0.05
Speak Now,ORDINAL,Mine,4,Speak Now,FALSE,2010-10-25,1,Taylor Swift,NA,FALSE,NA,2010-08-04,2010-08-04,0.624,0.757,7,-2.94,1,0.0296,0.00265,1.87e-6,0.189,0.658,121.07,4,230707,FALSE,G,major,G major,60.2221100454316,Speak Now,5,0.05
Speak Now,ORDINAL,Superman,2,Speak Now,FALSE,2010-10-25,17,Taylor Swift,NA,TRUE,2010-11-08,NA,2010-10-25,0.582,0.765,7,-3.648,1,0.0324,0.0268,1.95e-6,0.103,0.559,131.982,4,275960,FALSE,G,major,G major,64.19284940411701,Speak Now,5,0.05
Taylor Swift,ORDINAL,A Perfectly Good Heart,4,Taylor Swift,FALSE,2006-10-24,14,Taylor Swift,NA,TRUE,NA,NA,2008-03-18,0.483,0.751,4,-5.726,1,0.0365,0.00349,0,0.128,0.268,156.092,4,220147,FALSE,E,major,E major,73.6159169550173,Taylor Swift,4,0.04
Taylor Swift,ORDINAL,Mary's Song (Oh My My My),1,Taylor Swift,FALSE,2006-10-24,10,Taylor Swift,NA,FALSE,NA,NA,2006-10-24,0.403,0.627,2,-5.28,1,0.0292,0.0177,0,0.182,0.374,74.9,4,213080,FALSE,D,major,D major,55.12412476129853,Taylor Swift,4,0.04
Taylor Swift,ORDINAL,Our Song,3,Taylor Swift,FALSE,2006-10-24,11,Taylor Swift,NA,FALSE,NA,2007-09-09,2006-10-24,0.668,0.672,2,-4.931,1,0.0303,0.111,0,0.329,0.539,89.011,4,201107,FALSE,D,major,D major,64.59593183067621,Taylor Swift,4,0.04
Taylor Swift,ORDINAL,The Outside,1,Taylor Swift,FALSE,2006-10-24,6,Taylor Swift,NA,FALSE,NA,NA,2006-10-24,0.589,0.805,5,-4.055,1,0.0293,0.00491,0,0.24,0.591,112.982,4,207107,FALSE,F,major,F major,63.988919667590025,Taylor Swift,4,0.04
Taylor Swift,ORDINAL,Tim McGraw,2,Taylor Swift,FALSE,2006-10-24,1,Taylor Swift,NA,FALSE,NA,2006-06-19,2006-06-19,0.58,0.491,0,-6.462,1,0.0251,0.575,0,0.121,0.425,76.009,4,232107,FALSE,C,major,C major,65.78503095104108,Taylor Swift,4,0.04
folklore,ORDINAL,exile,3,folklore,FALSE,2020-07-24,4,Taylor Swift,Bon Iver,FALSE,NA,2020-08-03,2020-07-24,0.31,0.374,6,-8.464,1,0.0275,0.761,2.46e-5,0.11,0.16,75.938,4,285640,FALSE,F#,major,F# major,72.05882352941177,folklore,1,0.01
folklore,ORDINAL,illicit affairs,1,folklore,FALSE,2020-07-24,10,Taylor Swift,NA,FALSE,NA,NA,2020-07-24,0.529,0.304,10,-10.567,1,0.0356,0.862,0,0.108,0.44,119.58,4,190893,FALSE,A#,major,A# major,53.50118017309205,folklore,1,0.01
folklore,ORDINAL,invisible string,1,folklore,FALSE,2020-07-24,11,Taylor Swift,NA,FALSE,NA,NA,2020-07-24,0.651,0.459,4,-11.128,0,0.0507,0.859,6.63e-5,0.105,0.454,83.455,4,252880,FALSE,E,minor,E minor,55.670103092783506,folklore,1,0.01
reputation,ORDINAL,...Ready For It?,2,reputation,FALSE,2017-11-10,1,Taylor Swift,NA,FALSE,NA,2017-10-24,2017-10-24,0.613,0.764,2,-6.509,1,0.136,0.0527,0,0.197,0.417,160.015,4,208187,FALSE,D,major,D major,68.35016835016835,reputation,10,0.1
reputation,ORDINAL,Dancing With Our Hands Tied,9,reputation,FALSE,2017-11-10,11,Taylor Swift,NA,FALSE,NA,NA,2017-11-10,0.624,0.691,0,-6.686,0,0.196,0.0604,1.1e-5,0.138,0.284,160.024,4,211507,FALSE,C,minor,C minor,70.12750455373407,reputation,10,0.1
reputation,ORDINAL,Delicate,1,reputation,FALSE,2017-11-10,5,Taylor Swift,NA,FALSE,NA,2018-03-12,2017-11-10,0.75,0.404,9,-10.178,0,0.0682,0.216,3.57e-4,0.0911,0.0499,95.045,4,232253,FALSE,A,minor,A minor,75.0503018108652,reputation,10,0.1
reputation,ORDINAL,Don't Blame Me,1,reputation,FALSE,2017-11-10,4,Taylor Swift,NA,FALSE,NA,NA,2017-11-10,0.615,0.534,9,-6.719,0,0.0386,0.106,1.76e-5,0.0607,0.193,135.917,4,236413,FALSE,A,minor,A minor,74.09190371991248,reputation,10,0.1
reputation,ORDINAL,End Game,9,reputation,FALSE,2017-11-10,2,Taylor Swift,"Ed Sheeran, Future",FALSE,NA,2017-11-14,2017-11-10,0.649,0.589,2,-6.237,1,0.0558,0.00845,0,0.108,0.151,159.073,4,244827,FALSE,D,major,D major,66.39463713203148,reputation,10,0.1
reputation,ORDINAL,Getaway Car,11,reputation,FALSE,2017-11-10,9,Taylor Swift,NA,FALSE,NA,2018-09-27,2017-11-10,0.562,0.689,2,-6.745,1,0.127,0.00465,2.23e-6,0.0888,0.351,172.054,4,233627,FALSE,D,major,D major,70.02555677254473,reputation,10,0.1
reputation,ORDINAL,This Is Why We Can't Have Nice Things,1,reputation,FALSE,2017-11-10,13,Taylor Swift,NA,FALSE,NA,NA,2017-11-10,0.567,0.789,5,-5.986,1,0.115,0.0156,0,0.382,0.438,163.96,4,207133,FALSE,F,major,F major,64.8782911077993,reputation,10,0.1
Lover,ORG,London Boy,1,Lover,FALSE,2019-08-23,11,Taylor Swift,NA,FALSE,NA,NA,2019-08-23,0.695,0.71,1,-6.639,1,0.05,0.0246,1.04e-4,0.133,0.557,157.925,4,190240,FALSE,C#,major,C# major,65.41176470588236,Lover,8,0.08
Midnights,ORG,Vigilante Shit,1,Midnights,FALSE,2022-10-21,8,Taylor Swift,NA,FALSE,NA,NA,2022-10-21,0.87,0.279,4,-11.134,0,0.364,0.16,1.74e-5,0.121,0.16,79.996,4,164801,TRUE,E,minor,E minor,58.63636363636363,Midnights,7,0.07
Red (Taylor's Version),ORG,The Very First Night (Taylor's Version) [From The Vault],1,Red (Taylor's Version),FALSE,2021-11-12,29,Taylor Swift,NA,FALSE,NA,NA,2021-11-12,0.678,0.733,7,-5.025,1,0.0281,0.00115,0,0.104,0.581,121.009,4,200280,FALSE,G,major,G major,67.7840909090909,Red (Taylor's Version),6,0.06
Taylor Swift,ORG,Tim McGraw,1,Taylor Swift,FALSE,2006-10-24,1,Taylor Swift,NA,FALSE,NA,2006-06-19,2006-06-19,0.58,0.491,0,-6.462,1,0.0251,0.575,0,0.121,0.425,76.009,4,232107,FALSE,C,major,C major,65.78503095104108,Taylor Swift,4,0.04
evermore,ORG,champagne problems,1,evermore,FALSE,2020-12-11,2,Taylor Swift,NA,FALSE,NA,NA,2020-12-11,0.462,0.24,0,-12.077,1,0.0377,0.92,0,0.113,0.32,171.319,4,244000,TRUE,C,major,C major,52.377972465581976,evermore,2,0.02
evermore,ORG,gold rush,1,evermore,FALSE,2020-12-11,3,Taylor Swift,NA,FALSE,NA,NA,2020-12-11,0.512,0.462,9,-10.491,1,0.0408,0.83,0.166,0.121,0.353,112.05,4,185320,TRUE,A,major,A major,69.04218928164197,evermore,2,0.02
folklore,ORG,cardigan,1,folklore,FALSE,2020-07-24,2,Taylor Swift,NA,FALSE,NA,2020-07-27,2020-07-24,0.612,0.58,0,-8.572,0,0.0419,0.525,4.14e-4,0.26,0.534,130.045,4,239560,FALSE,C,minor,C minor,60.08303677342823,folklore,1,0.01
folklore,ORG,the last great american dynasty,2,folklore,FALSE,2020-07-24,3,Taylor Swift,NA,FALSE,NA,NA,2020-07-24,0.688,0.653,7,-8.558,1,0.0403,0.481,0.00414,0.106,0.701,147.991,4,231000,TRUE,G,major,G major,57.58620689655173,folklore,1,0.01
reputation,ORG,King Of My Heart,2,reputation,FALSE,2017-11-10,10,Taylor Swift,NA,FALSE,NA,NA,2017-11-10,0.675,0.703,0,-7.902,1,0.0382,0.00882,2.21e-6,0.0391,0.314,110.01,4,214320,FALSE,C,major,C major,71.84176945980434,reputation,10,0.1
1989,PERSON,Style,3,1989,FALSE,2014-10-27,3,Taylor Swift,NA,FALSE,NA,2015-02-09,2014-10-27,0.588,0.791,7,-5.595,1,0.0402,0.00245,0.00258,0.118,0.487,94.933,4,231000,FALSE,G,major,G major,67.53177966101694,1989,11,0.11
Fearless (Taylor's Version),PERSON,Fifteen (Taylor's Version),2,Fearless (Taylor's Version),FALSE,2021-04-09,2,Taylor Swift,NA,FALSE,NA,NA,2021-04-09,0.559,0.646,7,-4.61,1,0.0272,0.116,0,0.32,0.289,95.466,4,294419,FALSE,G,major,G major,59.13555992141454,Fearless (Taylor's Version),3,0.03
Fearless (Taylor's Version),PERSON,Hey Stephen (Taylor's Version),5,Fearless (Taylor's Version),FALSE,2021-04-09,4,Taylor Swift,NA,FALSE,NA,NA,2021-04-09,0.788,0.571,6,-6.135,1,0.0296,0.106,0,0.0934,0.797,115.99,4,254255,FALSE,F#,major,F# major,66.93266832917706,Fearless (Taylor's Version),3,0.03
Fearless (Taylor's Version),PERSON,Love Story (Taylor's Version),9,Fearless (Taylor's Version),FALSE,2021-04-09,3,Taylor Swift,NA,FALSE,NA,2021-02-12,2021-02-12,0.627,0.792,2,-4.311,1,0.031,0.13,3.97e-6,0.0845,0.415,119.054,4,235767,FALSE,D,major,D major,57.9600647598489,Fearless (Taylor's Version),3,0.03
Fearless (Taylor's Version),PERSON,Mr. Perfectly Fine (Taylor's Version) [From The Vault],4,Fearless (Taylor's Version),FALSE,2021-04-09,22,Taylor Swift,NA,FALSE,2021-04-07,NA,2021-04-07,0.66,0.817,11,-6.269,0,0.0521,0.162,0,0.0667,0.714,135.942,4,277592,FALSE,B,minor,B minor,62.52276867030966,Fearless (Taylor's Version),3,0.03
Fearless (Taylor's Version),PERSON,SuperStar (Taylor's Version),1,Fearless (Taylor's Version),FALSE,2021-04-09,18,Taylor Swift,NA,FALSE,NA,NA,2021-04-09,0.454,0.555,2,-6.69,1,0.0283,0.157,0,0.343,0.171,171.862,4,263865,FALSE,D,major,D major,64.48398576512456,Fearless (Taylor's Version),3,0.03
Fearless (Taylor's Version),PERSON,The Best Day (Taylor's Version),1,Fearless (Taylor's Version),FALSE,2021-04-09,12,Taylor Swift,NA,FALSE,NA,NA,2021-04-09,0.642,0.576,1,-8.524,1,0.0282,0.488,0,0.159,0.469,125,4,245290,FALSE,C#,major,C# major,52.94117647058824,Fearless (Taylor's Version),3,0.03
Lover,PERSON,Cornelia Street,1,Lover,FALSE,2019-08-23,9,Taylor Swift,NA,FALSE,NA,NA,2019-08-23,0.824,0.624,0,-9.728,1,0.0827,0.781,1.89e-4,0.1,0.248,102.012,4,287267,FALSE,C,major,C major,67.3202614379085,Lover,8,0.08
Lover,PERSON,False God,1,Lover,FALSE,2019-08-23,13,Taylor Swift,NA,FALSE,NA,NA,2019-08-23,0.739,0.32,11,-10.862,0,0.239,0.736,1.47e-4,0.111,0.351,79.97,4,200307,FALSE,B,minor,B minor,66.19627966645285,Lover,8,0.08
Lover,PERSON,I Forgot That You Existed,1,Lover,FALSE,2019-08-23,1,Taylor Swift,NA,FALSE,NA,NA,2019-08-23,0.664,0.316,5,-10.345,1,0.519,0.298,2.03e-6,0.0812,0.541,92.875,4,170640,FALSE,F,major,F major,62.60928043039677,Lover,8,0.08
Lover,PERSON,London Boy,12,Lover,FALSE,2019-08-23,11,Taylor Swift,NA,FALSE,NA,NA,2019-08-23,0.695,0.71,1,-6.639,1,0.05,0.0246,1.04e-4,0.133,0.557,157.925,4,190240,FALSE,C#,major,C# major,65.41176470588236,Lover,8,0.08
Lover,PERSON,Lover,1,Lover,FALSE,2019-08-23,3,Taylor Swift,NA,FALSE,NA,2019-08-16,2019-08-16,0.359,0.543,7,-7.582,1,0.0919,0.492,1.58e-5,0.118,0.453,68.534,4,221307,FALSE,G,major,G major,57.861635220125784,Lover,8,0.08
Lover,PERSON,Miss Americana & The Heartbreak Prince,4,Lover,FALSE,2019-08-23,7,Taylor Swift,NA,FALSE,NA,NA,2019-08-23,0.662,0.747,11,-6.926,0,0.0736,0.028,0.00615,0.138,0.487,150.088,4,234147,FALSE,B,minor,B minor,70.14375230372282,Lover,8,0.08
Lover,PERSON,Paper Rings,6,Lover,FALSE,2019-08-23,8,Taylor Swift,NA,FALSE,NA,NA,2019-08-23,0.811,0.719,9,-6.553,1,0.0497,0.0129,1.36e-5,0.0742,0.865,103.979,4,222400,FALSE,A,major,A major,71.19901112484548,Lover,8,0.08
Lover,PERSON,Soon You'll Get Better,1,Lover,FALSE,2019-08-23,12,Taylor Swift,The Chicks,FALSE,NA,NA,2019-08-23,0.433,0.182,0,-12.566,1,0.0641,0.907,0,0.123,0.421,207.476,4,201587,FALSE,C,major,C major,59.94940978077572,Lover,8,0.08
Lover,PERSON,The Man,1,Lover,FALSE,2019-08-23,4,Taylor Swift,NA,FALSE,NA,2020-01-27,2019-08-23,0.777,0.658,0,-5.191,1,0.054,0.0767,0,0.0901,0.633,110.048,4,190360,FALSE,C,major,C major,67.30975348338693,Lover,8,0.08
Lover,PERSON,You Need To Calm Down,1,Lover,FALSE,2019-08-23,14,Taylor Swift,NA,FALSE,NA,2019-06-14,2019-06-14,0.771,0.671,2,-5.617,1,0.0553,0.00929,0,0.0637,0.714,85.026,4,171360,FALSE,D,major,D major,62.6499143346659,Lover,8,0.08
Midnights,PERSON,Glitch,1,Midnights,FALSE,2022-10-21,18,Taylor Swift,NA,TRUE,NA,NA,2022-10-21,0.675,0.466,11,-9.738,0,0.201,0.361,0,0.11,0.347,140.864,4,148781,FALSE,B,minor,B minor,63.76383763837639,Midnights,7,0.07
Midnights,PERSON,Hits Different,1,Midnights,FALSE,2022-10-21,14,NA,NA,TRUE,NA,NA,2022-10-21,NA,NA,NA,NA,NA,NA,NA,NA,NA,NA,NA,NA,NA,NA,NA,NA,NA,62.44616709732989,Midnights,7,0.07
Midnights,PERSON,Karma,10,Midnights,FALSE,2022-10-21,11,Taylor Swift,NA,FALSE,NA,NA,2022-10-21,0.649,0.622,8,-7.054,1,0.0582,0.074,0,0.594,0.106,90.024,4,204852,TRUE,G#,major,G# major,66.49771920932591,Midnights,7,0.07
Midnights,PERSON,Mastermind,1,Midnights,FALSE,2022-10-21,13,Taylor Swift,NA,FALSE,NA,NA,2022-10-21,0.661,0.352,4,-14.077,1,0.117,0.571,0.00147,0.0884,0.13,125.934,4,191039,FALSE,E,major,E major,59.80570734669095,Midnights,7,0.07
Midnights,PERSON,Snow On The Beach,1,Midnights,FALSE,2022-10-21,4,Taylor Swift,Lana Del Rey,FALSE,NA,NA,2022-10-21,0.659,0.323,9,-13.425,1,0.0436,0.735,0.00321,0.116,0.154,110.007,4,256124,TRUE,A,major,A major,69.56942428640542,Midnights,7,0.07
Midnights,PERSON,"Would've, Could've, Should've",2,Midnights,FALSE,2022-10-21,19,Taylor Swift,NA,TRUE,NA,NA,2022-10-21,0.483,0.84,7,-6.508,1,0.119,0.43,5.75e-4,0.146,0.55,157.979,4,260362,FALSE,G,major,G major,70.55692055692056,Midnights,7,0.07
Midnights,PERSON,"You're On Your Own, Kid",1,Midnights,FALSE,2022-10-21,5,Taylor Swift,NA,FALSE,NA,NA,2022-10-21,0.694,0.38,2,-10.307,1,0.0614,0.416,8.47e-6,0.126,0.376,120.044,4,194207,FALSE,D,major,D major,53.8160469667319,Midnights,7,0.07
Midnights,PERSON,"You're On Your Own, Kid (Strings Remix)",1,Midnights,FALSE,2022-10-21,15,NA,NA,TRUE,NA,NA,2022-10-21,NA,NA,NA,NA,NA,NA,NA,NA,NA,NA,NA,NA,NA,NA,NA,NA,NA,53.8160469667319,Midnights,7,0.07
Red (Taylor's Version),PERSON,22 (Taylor's Version),1,Red (Taylor's Version),FALSE,2021-11-12,6,Taylor Swift,NA,FALSE,NA,NA,2021-11-12,0.642,0.695,7,-5.62,1,0.0281,4.43e-4,1.02e-5,0.0753,0.642,103.984,4,230960,FALSE,G,major,G major,71.67863554757629,Red (Taylor's Version),6,0.06
Red (Taylor's Version),PERSON,Babe (Taylor's Version) [From The Vault],1,Red (Taylor's Version),FALSE,2021-11-12,24,Taylor Swift,NA,FALSE,NA,NA,2021-11-12,0.584,0.743,4,-7.075,1,0.0931,0.0538,2.83e-6,0.121,0.746,167.844,4,224240,FALSE,E,major,E major,72.02797202797203,Red (Taylor's Version),6,0.06
Red (Taylor's Version),PERSON,Begin Again (Taylor's Version),1,Red (Taylor's Version),FALSE,2021-11-12,16,Taylor Swift,NA,FALSE,NA,NA,2021-11-12,0.519,0.527,7,-7.673,1,0.0274,0.075,0,0.132,0.267,78.915,4,238867,FALSE,G,major,G major,64.70951792336218,Red (Taylor's Version),6,0.06
Red (Taylor's Version),PERSON,I Almost Do (Taylor's Version),1,Red (Taylor's Version),FALSE,2021-11-12,7,Taylor Swift,NA,FALSE,NA,NA,2021-11-12,0.511,0.559,4,-6.587,1,0.0264,0.0167,0,0.113,0.248,145.88,4,244587,FALSE,E,major,E major,66.9558359621451,Red (Taylor's Version),6,0.06
Red (Taylor's Version),PERSON,I Bet You Think About Me (Taylor's Version) [From The Vault],1,Red (Taylor's Version),FALSE,2021-11-12,26,Taylor Swift,Chris Stapleton,FALSE,NA,NA,2021-11-12,0.391,0.715,0,-4.516,1,0.0495,0.167,0,0.183,0.473,149.654,3,285107,TRUE,C,major,C major,54.82775351770985,Red (Taylor's Version),6,0.06
Red (Taylor's Version),PERSON,Run (Taylor's Version) [From The Vault],3,Red (Taylor's Version),FALSE,2021-11-12,28,Taylor Swift,Ed Sheeran,FALSE,NA,NA,2021-11-12,0.61,0.488,3,-6.918,1,0.0293,0.817,0,0.312,0.443,125.039,4,240227,FALSE,D#,major,D# major,65.72875633089477,Red (Taylor's Version),6,0.06
Red (Taylor's Version),PERSON,Starlight (Taylor's Version),1,Red (Taylor's Version),FALSE,2021-11-12,15,Taylor Swift,NA,FALSE,NA,NA,2021-11-12,0.628,0.685,4,-5.864,1,0.0358,0.00324,0,0.18,0.605,126.014,4,220413,FALSE,E,major,E major,70.85478887744593,Red (Taylor's Version),6,0.06
Speak Now,PERSON,Dear John,4,Speak Now,FALSE,2010-10-25,5,Taylor Swift,NA,FALSE,NA,NA,2010-10-25,0.589,0.47,4,-5.32,1,0.028,0.166,1.45e-6,0.112,0.102,119.386,3,403920,FALSE,E,major,E major,59.08108108108108,Speak Now,5,0.05
Taylor Swift,PERSON,Our Song,3,Taylor Swift,FALSE,2006-10-24,11,Taylor Swift,NA,FALSE,NA,2007-09-09,2006-10-24,0.668,0.672,2,-4.931,1,0.0303,0.111,0,0.329,0.539,89.011,4,201107,FALSE,D,major,D major,64.59593183067621,Taylor Swift,4,0.04
Taylor Swift,PERSON,Stay Beautiful,2,Taylor Swift,FALSE,2006-10-24,8,Taylor Swift,NA,FALSE,NA,NA,2006-10-24,0.594,0.629,8,-4.919,1,0.0246,0.0868,0,0.137,0.504,131.597,4,236053,FALSE,G#,major,G# major,63.71308016877637,Taylor Swift,4,0.04
Taylor Swift,PERSON,Teardrops On My Guitar,4,Taylor Swift,FALSE,2006-10-24,3,Taylor Swift,NA,FALSE,NA,2007-02-19,2006-10-24,0.621,0.417,10,-6.941,1,0.0231,0.288,0,0.119,0.289,99.953,4,203040,FALSE,A#,major,A# major,58.9041095890411,Taylor Swift,4,0.04
Taylor Swift,PERSON,Teardrops On My Guitar (Pop Version),4,Taylor Swift,FALSE,2006-10-24,15,Taylor Swift,NA,TRUE,NA,NA,2008-03-18,0.459,0.753,10,-3.827,1,0.0537,0.0402,0,0.0863,0.483,199.997,4,179067,FALSE,A#,major,A# major,58.901098901098905,Taylor Swift,4,0.04
Taylor Swift,PERSON,Tim McGraw,7,Taylor Swift,FALSE,2006-10-24,1,Taylor Swift,NA,FALSE,NA,2006-06-19,2006-06-19,0.58,0.491,0,-6.462,1,0.0251,0.575,0,0.121,0.425,76.009,4,232107,FALSE,C,major,C major,65.78503095104108,Taylor Swift,4,0.04
evermore,PERSON,champagne problems,1,evermore,FALSE,2020-12-11,2,Taylor Swift,NA,FALSE,NA,NA,2020-12-11,0.462,0.24,0,-12.077,1,0.0377,0.92,0,0.113,0.32,171.319,4,244000,TRUE,C,major,C major,52.377972465581976,evermore,2,0.02
evermore,PERSON,dorothea,9,evermore,FALSE,2020-12-11,8,Taylor Swift,NA,FALSE,NA,NA,2020-12-11,0.605,0.488,4,-8.322,1,0.0264,0.696,0,0.129,0.354,119.966,4,225880,FALSE,E,major,E major,58.089368258859785,evermore,2,0.02
evermore,PERSON,evermore,1,evermore,FALSE,2020-12-11,15,Taylor Swift,Bon Iver,FALSE,NA,NA,2020-12-11,0.39,0.27,1,-10.673,1,0.0308,0.937,0.00227,0.111,0.32,125.177,5,304107,FALSE,C#,major,C# major,60.72874493927125,evermore,2,0.02
evermore,PERSON,marjorie,1,evermore,FALSE,2020-12-11,13,Taylor Swift,NA,FALSE,NA,NA,2020-12-11,0.535,0.561,5,-11.609,1,0.0484,0.876,1.36e-4,0.115,0.287,96.103,4,257773,FALSE,F,major,F major,69.62872793670115,evermore,2,0.02
evermore,PERSON,"no body, no crime",4,evermore,FALSE,2020-12-11,6,Taylor Swift,HAIM,FALSE,NA,2021-01-11,2020-12-11,0.546,0.613,7,-7.589,0,0.0264,0.418,0,0.103,0.535,79.015,4,215627,FALSE,G,minor,G minor,64.47963800904978,evermore,2,0.02
folklore,PERSON,betty,8,folklore,FALSE,2020-07-24,14,Taylor Swift,NA,FALSE,NA,2020-08-17,2020-07-24,0.595,0.376,0,-8.767,1,0.0256,0.589,0,0.0989,0.476,95.946,4,294520,TRUE,C,major,C major,61.59153633854646,folklore,1,0.01
folklore,PERSON,cardigan,2,folklore,FALSE,2020-07-24,2,Taylor Swift,NA,FALSE,NA,2020-07-27,2020-07-24,0.612,0.58,0,-8.572,0,0.0419,0.525,4.14e-4,0.26,0.534,130.045,4,239560,FALSE,C,minor,C minor,60.08303677342823,folklore,1,0.01
folklore,PERSON,epiphany,1,folklore,FALSE,2020-07-24,13,Taylor Swift,NA,FALSE,NA,NA,2020-07-24,0.317,0.254,1,-13.679,1,0.0286,0.727,3.26e-4,0.0867,0.103,93.933,4,289747,FALSE,C#,major,C# major,63.14199395770392,folklore,1,0.01
folklore,PERSON,hoax,1,folklore,FALSE,2020-07-24,16,Taylor Swift,NA,FALSE,NA,NA,2020-07-24,0.676,0.178,8,-15.01,1,0.0394,0.964,7.9e-6,0.135,0.404,118.84,4,220040,FALSE,G#,major,G# major,60.26711185308849,folklore,1,0.01
folklore,PERSON,invisible string,2,folklore,FALSE,2020-07-24,11,Taylor Swift,NA,FALSE,NA,NA,2020-07-24,0.651,0.459,4,-11.128,0,0.0507,0.859,6.63e-5,0.105,0.454,83.455,4,252880,FALSE,E,minor,E minor,55.670103092783506,folklore,1,0.01
folklore,PERSON,the last great american dynasty,4,folklore,FALSE,2020-07-24,3,Taylor Swift,NA,FALSE,NA,NA,2020-07-24,0.688,0.653,7,-8.558,1,0.0403,0.481,0.00414,0.106,0.701,147.991,4,231000,TRUE,G,major,G major,57.58620689655173,folklore,1,0.01
reputation,PERSON,...Ready For It?,2,reputation,FALSE,2017-11-10,1,Taylor Swift,NA,FALSE,NA,2017-10-24,2017-10-24,0.613,0.764,2,-6.509,1,0.136,0.0527,0,0.197,0.417,160.015,4,208187,FALSE,D,major,D major,68.35016835016835,reputation,10,0.1
reputation,PERSON,Don't Blame Me,1,reputation,FALSE,2017-11-10,4,Taylor Swift,NA,FALSE,NA,NA,2017-11-10,0.615,0.534,9,-6.719,0,0.0386,0.106,1.76e-5,0.0607,0.193,135.917,4,236413,FALSE,A,minor,A minor,74.09190371991248,reputation,10,0.1
reputation,PERSON,Getaway Car,2,reputation,FALSE,2017-11-10,9,Taylor Swift,NA,FALSE,NA,2018-09-27,2017-11-10,0.562,0.689,2,-6.745,1,0.127,0.00465,2.23e-6,0.0888,0.351,172.054,4,233627,FALSE,D,major,D major,70.02555677254473,reputation,10,0.1
reputation,PERSON,Look What You Made Me Do,1,reputation,FALSE,2017-11-10,6,Taylor Swift,NA,FALSE,NA,2017-08-24,2017-08-24,0.766,0.709,9,-6.471,0,0.123,0.204,1.41e-5,0.126,0.506,128.07,4,211853,FALSE,A,minor,A minor,77.85602503912364,reputation,10,0.1
reputation,PERSON,New Year's Day,1,reputation,FALSE,2017-11-10,15,Taylor Swift,NA,FALSE,NA,2017-11-27,2017-11-10,0.661,0.151,0,-12.864,1,0.0354,0.921,0,0.13,0.23,94.922,4,235467,FALSE,C,major,C major,74.53183520599251,reputation,10,0.1
reputation,PERSON,This Is Why We Can't Have Nice Things,2,reputation,FALSE,2017-11-10,13,Taylor Swift,NA,FALSE,NA,NA,2017-11-10,0.567,0.789,5,-5.986,1,0.115,0.0156,0,0.382,0.438,163.96,4,207133,FALSE,F,major,F major,64.8782911077993,reputation,10,0.1
Red (Taylor's Version),PRODUCT,Red (Taylor's Version),2,Red (Taylor's Version),FALSE,2021-11-12,2,Taylor Swift,NA,FALSE,NA,NA,2021-11-12,0.516,0.777,1,-4.908,0,0.0375,0.00108,1.62e-6,0.0761,0.408,125.047,4,223093,FALSE,C#,minor,C# minor,68.4031158714703,Red (Taylor's Version),6,0.06
evermore,PRODUCT,champagne problems,1,evermore,FALSE,2020-12-11,2,Taylor Swift,NA,FALSE,NA,NA,2020-12-11,0.462,0.24,0,-12.077,1,0.0377,0.92,0,0.113,0.32,171.319,4,244000,TRUE,C,major,C major,52.377972465581976,evermore,2,0.02
evermore,PRODUCT,"no body, no crime",1,evermore,FALSE,2020-12-11,6,Taylor Swift,HAIM,FALSE,NA,2021-01-11,2020-12-11,0.546,0.613,7,-7.589,0,0.0264,0.418,0,0.103,0.535,79.015,4,215627,FALSE,G,minor,G minor,64.47963800904978,evermore,2,0.02
folklore,PRODUCT,cardigan,1,folklore,FALSE,2020-07-24,2,Taylor Swift,NA,FALSE,NA,2020-07-27,2020-07-24,0.612,0.58,0,-8.572,0,0.0419,0.525,4.14e-4,0.26,0.534,130.045,4,239560,FALSE,C,minor,C minor,60.08303677342823,folklore,1,0.01
reputation,PRODUCT,Delicate,1,reputation,FALSE,2017-11-10,5,Taylor Swift,NA,FALSE,NA,2018-03-12,2017-11-10,0.75,0.404,9,-10.178,0,0.0682,0.216,3.57e-4,0.0911,0.0499,95.045,4,232253,FALSE,A,minor,A minor,75.0503018108652,reputation,10,0.1
reputation,PRODUCT,End Game,1,reputation,FALSE,2017-11-10,2,Taylor Swift,"Ed Sheeran, Future",FALSE,NA,2017-11-14,2017-11-10,0.649,0.589,2,-6.237,1,0.0558,0.00845,0,0.108,0.151,159.073,4,244827,FALSE,D,major,D major,66.39463713203148,reputation,10,0.1
reputation,PRODUCT,King Of My Heart,4,reputation,FALSE,2017-11-10,10,Taylor Swift,NA,FALSE,NA,NA,2017-11-10,0.675,0.703,0,-7.902,1,0.0382,0.00882,2.21e-6,0.0391,0.314,110.01,4,214320,FALSE,C,major,C major,71.84176945980434,reputation,10,0.1
Red (Taylor's Version),QUANTITY,Starlight (Taylor's Version),1,Red (Taylor's Version),FALSE,2021-11-12,15,Taylor Swift,NA,FALSE,NA,NA,2021-11-12,0.628,0.685,4,-5.864,1,0.0358,0.00324,0,0.18,0.605,126.014,4,220413,FALSE,E,major,E major,70.85478887744593,Red (Taylor's Version),6,0.06
Taylor Swift,QUANTITY,Mary's Song (Oh My My My),1,Taylor Swift,FALSE,2006-10-24,10,Taylor Swift,NA,FALSE,NA,NA,2006-10-24,0.403,0.627,2,-5.28,1,0.0292,0.0177,0,0.182,0.374,74.9,4,213080,FALSE,D,major,D major,55.12412476129853,Taylor Swift,4,0.04
evermore,QUANTITY,coney island,1,evermore,FALSE,2020-12-11,9,Taylor Swift,The National,FALSE,NA,2021-01-18,2020-12-11,0.537,0.537,8,-11.266,1,0.0617,0.819,9.04e-4,0.142,0.292,107.895,4,275320,FALSE,G#,major,G# major,61.23370110330993,evermore,2,0.02
1989,TIME,I Wish You Would,2,1989,FALSE,2014-10-27,7,Taylor Swift,NA,FALSE,NA,NA,2014-10-27,0.653,0.893,0,-5.966,1,0.0538,0.0158,4.95e-5,0.102,0.513,118.035,4,207440,FALSE,C,major,C major,78.7523629489603,1989,11,0.11
1989,TIME,You Are In Love,3,1989,FALSE,2014-10-27,15,Taylor Swift,NA,TRUE,NA,NA,2014-10-27,0.474,0.48,2,-8.894,1,0.0622,0.707,1.08e-4,0.0903,0.319,170.109,4,267107,FALSE,D,major,D major,69.23828125,1989,11,0.11
Beautiful Eyes,TIME,I'm Only Me When I'm With You,1,Taylor Swift,FALSE,2006-10-24,12,Taylor Swift,NA,TRUE,NA,NA,2008-03-18,0.563,0.934,8,-3.629,1,0.0646,0.00452,8.07e-4,0.103,0.518,143.964,4,213053,FALSE,G#,major,G# major,65.62282533054976,Beautiful Eyes,9,0.09
Fearless (Taylor's Version),TIME,Breathe (Taylor's Version),2,Fearless (Taylor's Version),FALSE,2021-04-09,7,Taylor Swift,Colbie Caillat,FALSE,NA,NA,2021-04-09,0.506,0.626,1,-6.066,1,0.0287,0.156,0,0.228,0.321,148.035,4,263377,FALSE,C#,major,C# major,65.19026824703681,Fearless (Taylor's Version),3,0.03
Fearless (Taylor's Version),TIME,Change (Taylor's Version),1,Fearless (Taylor's Version),FALSE,2021-04-09,13,Taylor Swift,NA,FALSE,NA,NA,2021-04-09,0.499,0.815,5,-4.063,1,0.0341,1.91e-4,0,0.181,0.344,95.999,4,279360,FALSE,F,major,F major,58.35654596100278,Fearless (Taylor's Version),3,0.03
Fearless (Taylor's Version),TIME,Forever & Always (Piano Version) [Taylor's Version],1,Fearless (Taylor's Version),FALSE,2021-04-09,16,Taylor Swift,NA,FALSE,NA,NA,2021-04-09,0.546,0.273,9,-9.208,1,0.0308,0.819,0,0.137,0.271,118.753,4,267833,FALSE,A,major,A major,69.51846657316503,Fearless (Taylor's Version),3,0.03
Fearless (Taylor's Version),TIME,Forever & Always (Taylor's Version),1,Fearless (Taylor's Version),FALSE,2021-04-09,11,Taylor Swift,NA,FALSE,NA,NA,2021-04-09,0.598,0.821,10,-4.433,1,0.0447,0.0231,0,0.143,0.673,128.03,4,225328,FALSE,A#,major,A# major,69.917914051183,Fearless (Taylor's Version),3,0.03
Fearless (Taylor's Version),TIME,Hey Stephen (Taylor's Version),1,Fearless (Taylor's Version),FALSE,2021-04-09,4,Taylor Swift,NA,FALSE,NA,NA,2021-04-09,0.788,0.571,6,-6.135,1,0.0296,0.106,0,0.0934,0.797,115.99,4,254255,FALSE,F#,major,F# major,66.93266832917706,Fearless (Taylor's Version),3,0.03
Fearless (Taylor's Version),TIME,Tell Me Why (Taylor's Version),3,Fearless (Taylor's Version),FALSE,2021-04-09,8,Taylor Swift,NA,FALSE,NA,NA,2021-04-09,0.578,0.909,7,-3.669,1,0.0628,0.0222,0,0.333,0.541,100.023,4,200576,FALSE,G,major,G major,65.00932256059664,Fearless (Taylor's Version),3,0.03
Fearless (Taylor's Version),TIME,The Way I Loved You (Taylor's Version),4,Fearless (Taylor's Version),FALSE,2021-04-09,10,Taylor Swift,NA,FALSE,NA,NA,2021-04-09,0.402,0.732,5,-4.665,1,0.0484,0.0033,0,0.108,0.472,161.032,4,243137,FALSE,F,major,F major,66.41443538998836,Fearless (Taylor's Version),3,0.03
Lover,TIME,You Need To Calm Down,1,Lover,FALSE,2019-08-23,14,Taylor Swift,NA,FALSE,NA,2019-06-14,2019-06-14,0.771,0.671,2,-5.617,1,0.0553,0.00929,0,0.0637,0.714,85.026,4,171360,FALSE,D,major,D major,62.6499143346659,Lover,8,0.08
Midnights,TIME,Bejeweled,1,Midnights,FALSE,2022-10-21,9,Taylor Swift,NA,FALSE,2022-10-25,NA,2022-10-21,0.7,0.55,7,-9.13,1,0.0653,0.0661,1.02e-4,0.091,0.412,164.003,4,194166,FALSE,G,major,G major,68.44359828653023,Midnights,7,0.07
Midnights,TIME,Glitch,3,Midnights,FALSE,2022-10-21,18,Taylor Swift,NA,TRUE,NA,NA,2022-10-21,0.675,0.466,11,-9.738,0,0.201,0.361,0,0.11,0.347,140.864,4,148781,FALSE,B,minor,B minor,63.76383763837639,Midnights,7,0.07
Midnights,TIME,Lavender Haze,1,Midnights,FALSE,2022-10-21,1,Taylor Swift,NA,FALSE,NA,2022-11-29,2022-10-21,0.735,0.444,10,-10.519,1,0.0684,0.204,0.0012,0.17,0.0984,97.038,4,202396,TRUE,A#,major,A# major,67.78615490061685,Midnights,7,0.07
Midnights,TIME,Midnight Rain,4,Midnights,FALSE,2022-10-21,6,Taylor Swift,NA,FALSE,NA,NA,2022-10-21,0.636,0.377,0,-11.721,1,0.0708,0.71,6.51e-5,0.115,0.23,139.966,4,174783,FALSE,C,major,C major,65.98360655737704,Midnights,7,0.07
Midnights,TIME,Paris,1,Midnights,FALSE,2022-10-21,16,Taylor Swift,NA,TRUE,NA,NA,2022-10-21,0.7,0.509,7,-10.547,1,0.0789,0.112,3.27e-5,0.137,0.345,110.947,4,196259,FALSE,G,major,G major,61.25848241826033,Midnights,7,0.07
Midnights,TIME,Question...?,3,Midnights,FALSE,2022-10-21,7,Taylor Swift,NA,FALSE,NA,NA,2022-10-21,0.751,0.502,7,-8.777,1,0.162,0.226,0,0.297,0.112,108.989,4,210557,TRUE,G,major,G major,66.421681212678,Midnights,7,0.07
Midnights,TIME,Snow On The Beach,4,Midnights,FALSE,2022-10-21,4,Taylor Swift,Lana Del Rey,FALSE,NA,NA,2022-10-21,0.659,0.323,9,-13.425,1,0.0436,0.735,0.00321,0.116,0.154,110.007,4,256124,TRUE,A,major,A major,69.56942428640542,Midnights,7,0.07
Red (Taylor's Version),TIME,22 (Taylor's Version),3,Red (Taylor's Version),FALSE,2021-11-12,6,Taylor Swift,NA,FALSE,NA,NA,2021-11-12,0.642,0.695,7,-5.62,1,0.0281,4.43e-4,1.02e-5,0.0753,0.642,103.984,4,230960,FALSE,G,major,G major,71.67863554757629,Red (Taylor's Version),6,0.06
Red (Taylor's Version),TIME,All Too Well (10 Minute Version) [Taylor's Version] [From The Vault],1,Red (Taylor's Version),FALSE,2021-11-12,30,Taylor Swift,NA,FALSE,2021-11-15,NA,2021-11-12,0.631,0.518,0,-8.771,1,0.0303,0.274,0,0.088,0.205,93.023,4,613027,TRUE,C,major,C major,61.06902356902357,Red (Taylor's Version),6,0.06
Red (Taylor's Version),TIME,Better Man (Taylor's Version) [From The Vault],2,Red (Taylor's Version),FALSE,2021-11-12,22,Taylor Swift,NA,FALSE,NA,NA,2021-11-12,0.473,0.579,4,-5.824,1,0.0384,0.214,0,0.0877,0.255,73.942,4,297013,FALSE,E,major,E major,70.32574743418117,Red (Taylor's Version),6,0.06
Red (Taylor's Version),TIME,Come Back...Be Here (Taylor's Version),1,Red (Taylor's Version),FALSE,2021-11-12,18,Taylor Swift,NA,FALSE,NA,NA,2021-11-12,0.46,0.632,4,-6.031,1,0.0302,0.0158,0,0.0822,0.399,79.846,4,223333,FALSE,E,major,E major,63.48897535667963,Red (Taylor's Version),6,0.06
Red (Taylor's Version),TIME,Everything Has Changed (Taylor's Version),2,Red (Taylor's Version),FALSE,2021-11-12,14,Taylor Swift,Ed Sheeran,FALSE,NA,NA,2021-11-12,0.498,0.61,6,-5.098,1,0.0363,0.271,0,0.223,0.474,79.918,4,245427,FALSE,F#,major,F# major,73.98148148148148,Red (Taylor's Version),6,0.06
Red (Taylor's Version),TIME,Forever Winter (Taylor's Version) [From The Vault],4,Red (Taylor's Version),FALSE,2021-11-12,27,Taylor Swift,NA,FALSE,NA,NA,2021-11-12,0.611,0.552,7,-5.828,1,0.031,0.256,0,0.134,0.41,116.012,4,263533,FALSE,G,major,G major,62.7039627039627,Red (Taylor's Version),6,0.06
Red (Taylor's Version),TIME,Holy Ground (Taylor's Version),4,Red (Taylor's Version),FALSE,2021-11-12,11,Taylor Swift,NA,FALSE,NA,NA,2021-11-12,0.622,0.809,9,-5.623,1,0.0638,0.0288,0.00218,0.109,0.511,156.894,4,202960,FALSE,A,major,A major,60.48850574712644,Red (Taylor's Version),6,0.06
Red (Taylor's Version),TIME,I Bet You Think About Me (Taylor's Version) [From The Vault],1,Red (Taylor's Version),FALSE,2021-11-12,26,Taylor Swift,Chris Stapleton,FALSE,NA,NA,2021-11-12,0.391,0.715,0,-4.516,1,0.0495,0.167,0,0.183,0.473,149.654,3,285107,TRUE,C,major,C major,54.82775351770985,Red (Taylor's Version),6,0.06
Red (Taylor's Version),TIME,Nothing New (Taylor's Version) [From The Vault],2,Red (Taylor's Version),FALSE,2021-11-12,23,Taylor Swift,Phoebe Bridgers,FALSE,NA,NA,2021-11-12,0.606,0.377,0,-9.455,1,0.0275,0.817,0,0.154,0.446,101.96,4,258813,FALSE,C,major,C major,59.276018099547514,Red (Taylor's Version),6,0.06
Red (Taylor's Version),TIME,Starlight (Taylor's Version),1,Red (Taylor's Version),FALSE,2021-11-12,15,Taylor Swift,NA,FALSE,NA,NA,2021-11-12,0.628,0.685,4,-5.864,1,0.0358,0.00324,0,0.18,0.605,126.014,4,220413,FALSE,E,major,E major,70.85478887744593,Red (Taylor's Version),6,0.06
Red (Taylor's Version),TIME,Stay Stay Stay (Taylor's Version),2,Red (Taylor's Version),FALSE,2021-11-12,9,Taylor Swift,NA,FALSE,NA,NA,2021-11-12,0.693,0.681,0,-7.039,1,0.025,0.0848,0,0.0768,0.663,100.02,4,205787,FALSE,C,major,C major,64.33313216656609,Red (Taylor's Version),6,0.06
Red (Taylor's Version),TIME,We Are Never Ever Getting Back Together (Taylor's Version),2,Red (Taylor's Version),FALSE,2021-11-12,8,Taylor Swift,NA,FALSE,NA,NA,2021-11-12,0.567,0.686,7,-6.139,1,0.175,0.0317,1.86e-6,0.0732,0.716,172.014,4,193147,FALSE,G,major,G major,68.7469762941461,Red (Taylor's Version),6,0.06
Speak Now,TIME,Enchanted,6,Speak Now,FALSE,2010-10-25,9,Taylor Swift,NA,FALSE,NA,NA,2010-10-25,0.455,0.623,8,-3.878,1,0.0288,0.0739,4.24e-4,0.146,0.208,163.893,4,352187,FALSE,G#,major,G# major,67.03507928880346,Speak Now,5,0.05
Speak Now,TIME,If This Was A Movie,1,Speak Now,FALSE,2010-10-25,16,Taylor Swift,NA,TRUE,2010-11-08,NA,2010-10-25,0.511,0.719,4,-3.457,1,0.0265,0.166,4.54e-6,0.34,0.289,147.852,4,234547,FALSE,E,major,E major,66.89944134078212,Speak Now,5,0.05
Speak Now,TIME,Last Kiss,1,Speak Now,FALSE,2010-10-25,13,Taylor Swift,NA,FALSE,NA,NA,2010-10-25,0.371,0.341,10,-9.475,1,0.0319,0.57,3.09e-5,0.101,0.196,89.038,1,367133,FALSE,A#,major,A# major,61.29032258064516,Speak Now,5,0.05
Speak Now,TIME,Mine,1,Speak Now,FALSE,2010-10-25,1,Taylor Swift,NA,FALSE,NA,2010-08-04,2010-08-04,0.624,0.757,7,-2.94,1,0.0296,0.00265,1.87e-6,0.189,0.658,121.07,4,230707,FALSE,G,major,G major,60.2221100454316,Speak Now,5,0.05
Speak Now,TIME,Never Grow Up,1,Speak Now,FALSE,2010-10-25,8,Taylor Swift,NA,FALSE,NA,NA,2010-10-25,0.714,0.305,2,-8.837,1,0.0305,0.819,0,0.174,0.554,124.91,4,290467,FALSE,D,major,D major,63.87884267631103,Speak Now,5,0.05
Taylor Swift,TIME,I'm Only Me When I'm With You,1,Taylor Swift,FALSE,2006-10-24,12,Taylor Swift,NA,TRUE,NA,NA,2008-03-18,0.563,0.934,8,-3.629,1,0.0646,0.00452,8.07e-4,0.103,0.518,143.964,4,213053,FALSE,G#,major,G# major,65.62282533054976,Taylor Swift,4,0.04
Taylor Swift,TIME,Mary's Song (Oh My My My),1,Taylor Swift,FALSE,2006-10-24,10,Taylor Swift,NA,FALSE,NA,NA,2006-10-24,0.403,0.627,2,-5.28,1,0.0292,0.0177,0,0.182,0.374,74.9,4,213080,FALSE,D,major,D major,55.12412476129853,Taylor Swift,4,0.04
evermore,TIME,happiness,2,evermore,FALSE,2020-12-11,7,Taylor Swift,NA,FALSE,NA,NA,2020-12-11,0.559,0.334,11,-10.733,1,0.0376,0.87,0,0.114,0.211,122.079,4,315147,TRUE,B,major,B major,60.27713625866051,evermore,2,0.02
evermore,TIME,"no body, no crime",1,evermore,FALSE,2020-12-11,6,Taylor Swift,HAIM,FALSE,NA,2021-01-11,2020-12-11,0.546,0.613,7,-7.589,0,0.0264,0.418,0,0.103,0.535,79.015,4,215627,FALSE,G,minor,G minor,64.47963800904978,evermore,2,0.02
folklore,TIME,epiphany,2,folklore,FALSE,2020-07-24,13,Taylor Swift,NA,FALSE,NA,NA,2020-07-24,0.317,0.254,1,-13.679,1,0.0286,0.727,3.26e-4,0.0867,0.103,93.933,4,289747,FALSE,C#,major,C# major,63.14199395770392,folklore,1,0.01
folklore,TIME,exile,1,folklore,FALSE,2020-07-24,4,Taylor Swift,Bon Iver,FALSE,NA,2020-08-03,2020-07-24,0.31,0.374,6,-8.464,1,0.0275,0.761,2.46e-5,0.11,0.16,75.938,4,285640,FALSE,F#,major,F# major,72.05882352941177,folklore,1,0.01
folklore,TIME,the last great american dynasty,2,folklore,FALSE,2020-07-24,3,Taylor Swift,NA,FALSE,NA,NA,2020-07-24,0.688,0.653,7,-8.558,1,0.0403,0.481,0.00414,0.106,0.701,147.991,4,231000,TRUE,G,major,G major,57.58620689655173,folklore,1,0.01
reputation,TIME,King Of My Heart,1,reputation,FALSE,2017-11-10,10,Taylor Swift,NA,FALSE,NA,NA,2017-11-10,0.675,0.703,0,-7.902,1,0.0382,0.00882,2.21e-6,0.0391,0.314,110.01,4,214320,FALSE,C,major,C major,71.84176945980434,reputation,10,0.1
1989,WORK_OF_ART,Out Of The Woods,1,1989,FALSE,2014-10-27,4,Taylor Swift,NA,FALSE,2014-10-14,2016-01-19,2014-10-14,0.553,0.841,7,-6.937,1,0.0396,7.43e-4,1.19e-5,0.341,0.338,92.008,4,235800,FALSE,G,major,G major,79.4196130753836,1989,11,0.11
1989,WORK_OF_ART,Style,1,1989,FALSE,2014-10-27,3,Taylor Swift,NA,FALSE,NA,2015-02-09,2014-10-27,0.588,0.791,7,-5.595,1,0.0402,0.00245,0.00258,0.118,0.487,94.933,4,231000,FALSE,G,major,G major,67.53177966101694,1989,11,0.11
1989,WORK_OF_ART,Wonderland,8,1989,FALSE,2014-10-27,14,Taylor Swift,NA,TRUE,2015-02-17,NA,2014-10-27,0.422,0.692,3,-5.447,1,0.0549,0.0493,2.57e-5,0.177,0.197,184.014,4,245560,FALSE,D#,major,D# major,70.86122266845159,1989,11,0.11
Lover,WORK_OF_ART,Miss Americana & The Heartbreak Prince,3,Lover,FALSE,2019-08-23,7,Taylor Swift,NA,FALSE,NA,NA,2019-08-23,0.662,0.747,11,-6.926,0,0.0736,0.028,0.00615,0.138,0.487,150.088,4,234147,FALSE,B,minor,B minor,70.14375230372282,Lover,8,0.08
Midnights,WORK_OF_ART,Maroon,2,Midnights,FALSE,2022-10-21,2,Taylor Swift,NA,FALSE,NA,NA,2022-10-21,0.658,0.378,7,-8.3,1,0.0379,0.0593,0,0.0976,0.0382,108.034,4,218271,TRUE,G,major,G major,64.74901297236323,Midnights,7,0.07
reputation,WORK_OF_ART,Getaway Car,2,reputation,FALSE,2017-11-10,9,Taylor Swift,NA,FALSE,NA,2018-09-27,2017-11-10,0.562,0.689,2,-6.745,1,0.127,0.00465,2.23e-6,0.0888,0.351,172.054,4,233627,FALSE,D,major,D major,70.02555677254473,reputation,10,0.1
reputation,WORK_OF_ART,New Year's Day,2,reputation,FALSE,2017-11-10,15,Taylor Swift,NA,FALSE,NA,2017-11-27,2017-11-10,0.661,0.151,0,-12.864,1,0.0354,0.921,0,0.13,0.23,94.922,4,235467,FALSE,C,major,C major,74.53183520599251,reputation,10,0.1
